,Inoculum size (cell/ml),COD (g/L),Oil and grease (g/L),TKN,Olive oil (%),Glucose (g/L),Crude glycerol (%),Tween 20 (%),Tween 80 (%),Peptone (g/L),Ammonium sulfate (g/L),Yeast extract (g/L),Urea (g /L),Total nitrogen (g/L),Mono- sodium glutam ate (g/l),Di- potassium hydrogen phosphat e (g/l),Magnesium chloride (g/l),Iron(III) chloride (g/l),Potassium Di-hydrogen phosphate (g/l),Calcium chloride (g/l),Sodium chloride (g/l),Temp (C),Shakin g rate (rpm),pH,Time (h),Biomass (g/l),Reference year
0,100000000.0,21.25,0.1205,0.09125,0,0,0.0,0,0,0,0.0,0,0.0,0.0,0,0.0,0.0,0.0,0.0,0.0,0,30,140,5.5,0,0.0,2016
1,100000000.0,21.25,0.1205,0.09125,0,0,0.0,0,0,0,0.0,0,0.0,0.0,0,0.0,0.0,0.0,0.0,0.0,0,30,140,5.5,12,1.54,2016
2,100000000.0,21.25,0.1205,0.09125,0,0,0.0,0,0,0,0.0,0,0.0,0.0,0,0.0,0.0,0.0,0.0,0.0,0,30,140,5.5,24,2.33,2016
3,100000000.0,21.25,0.1205,0.09125,0,0,0.0,0,0,0,0.0,0,0.0,0.0,0,0.0,0.0,0.0,0.0,0.0,0,30,140,5.5,36,3.43,2016
4,100000000.0,21.25,0.1205,0.09125,0,0,0.0,0,0,0,0.0,0,0.0,0.0,0,0.0,0.0,0.0,0.0,0.0,0,30,140,5.5,48,3.8,2016
5,100000000.0,21.25,0.1205,0.09125,0,0,0.0,0,0,0,0.0,0,0.0,0.0,0,0.0,0.0,0.0,0.0,0.0,0,30,140,5.5,60,3.76,2016
6,100000000.0,21.25,0.1205,0.09125,0,0,0.0,0,0,0,0.0,0,0.0,0.0,0,0.0,0.0,0.0,0.0,0.0,0,30,140,5.5,72,3.76,2016
7,100000000.0,42.5,0.241,0.1825,0,0,0.0,0,0,0,0.0,0,0.0,0.0,0,0.0,0.0,0.0,0.0,0.0,0,30,140,5.5,0,0.0,2016
8,100000000.0,42.5,0.241,0.1825,0,0,0.0,0,0,0,0.0,0,0.0,0.0,0,0.0,0.0,0.0,0.0,0.0,0,30,140,5.5,12,1.46,2016
9,100000000.0,42.5,0.241,0.1825,0,0,0.0,0,0,0,0.0,0,0.0,0.0,0,0.0,0.0,0.0,0.0,0.0,0,30,140,5.5,24,2.0,2016
10,100000000.0,42.5,0.241,0.1825,0,0,0.0,0,0,0,0.0,0,0.0,0.0,0,0.0,0.0,0.0,0.0,0.0,0,30,140,5.5,36,3.21,2016
11,100000000.0,42.5,0.241,0.1825,0,0,0.0,0,0,0,0.0,0,0.0,0.0,0,0.0,0.0,0.0,0.0,0.0,0,30,140,5.5,48,3.32,2016
12,100000000.0,42.5,0.241,0.1825,0,0,0.0,0,0,0,0.0,0,0.0,0.0,0,0.0,0.0,0.0,0.0,0.0,0,30,140,5.5,60,4.0,2016
13,100000000.0,42.5,0.241,0.1825,0,0,0.0,0,0,0,0.0,0,0.0,0.0,0,0.0,0.0,0.0,0.0,0.0,0,30,140,5.5,72,4.33,2016
14,100000000.0,42.5,0.241,0.1825,0,0,0.0,0,0,0,4.761904762,0,0.0,0.0,0,0.0,0.0,0.0,0.0,0.0,0,30,140,5.5,0,0.0,2016
15,100000000.0,42.5,0.241,0.1825,0,0,0.0,0,0,0,4.761904762,0,0.0,0.0,0,0.0,0.0,0.0,0.0,0.0,0,30,140,5.5,12,1.32,2016
16,100000000.0,42.5,0.241,0.1825,0,0,0.0,0,0,0,4.761904762,0,0.0,0.0,0,0.0,0.0,0.0,0.0,0.0,0,30,140,5.5,24,3.0,2016
17,100000000.0,42.5,0.241,0.1825,0,0,0.0,0,0,0,4.761904762,0,0.0,0.0,0,0.0,0.0,0.0,0.0,0.0,0,30,140,5.5,36,4.33,2016
18,100000000.0,42.5,0.241,0.1825,0,0,0.0,0,0,0,4.761904762,0,0.0,0.0,0,0.0,0.0,0.0,0.0,0.0,0,30,140,5.5,48,4.44,2016
19,100000000.0,42.5,0.241,0.1825,0,0,0.0,0,0,0,4.761904762,0,0.0,0.0,0,0.0,0.0,0.0,0.0,0.0,0,30,140,5.5,60,5.0,2016
20,100000000.0,42.5,0.241,0.1825,0,0,0.0,0,0,0,4.761904762,0,0.0,0.0,0,0.0,0.0,0.0,0.0,0.0,0,30,140,5.5,72,5.68,2016
21,100000000.0,42.5,0.241,0.1825,0,0,0.0,0,0,0,4.761904762,0,0.0,0.0,0,0.0,0.0,0.0,0.0,0.0,0,30,140,4.3,0,0.0,2016
22,100000000.0,42.5,0.241,0.1825,0,0,0.0,0,0,0,4.761904762,0,0.0,0.0,0,0.0,0.0,0.0,0.0,0.0,0,30,140,4.3,12,0.72,2016
23,100000000.0,42.5,0.241,0.1825,0,0,0.0,0,0,0,4.761904762,0,0.0,0.0,0,0.0,0.0,0.0,0.0,0.0,0,30,140,4.3,24,2.81,2016
24,100000000.0,42.5,0.241,0.1825,0,0,0.0,0,0,0,4.761904762,0,0.0,0.0,0,0.0,0.0,0.0,0.0,0.0,0,30,140,4.3,36,5.08,2016
25,100000000.0,42.5,0.241,0.1825,0,0,0.0,0,0,0,4.761904762,0,0.0,0.0,0,0.0,0.0,0.0,0.0,0.0,0,30,140,4.3,48,5.62,2016
26,100000000.0,42.5,0.241,0.1825,0,0,0.0,0,0,0,4.761904762,0,0.0,0.0,0,0.0,0.0,0.0,0.0,0.0,0,30,140,4.3,60,6.0,2016
27,100000000.0,42.5,0.241,0.1825,0,0,0.0,0,0,0,4.761904762,0,0.0,0.0,0,0.0,0.0,0.0,0.0,0.0,0,30,140,4.3,72,6.52,2016
28,100000000.0,42.5,0.241,0.1825,0,0,0.0,0,0,0,4.761904762,0,0.0,0.0,0,0.0,0.0,0.0,0.0,0.0,0,30,140,5.0,0,0.0,2016
29,100000000.0,42.5,0.241,0.1825,0,0,0.0,0,0,0,4.761904762,0,0.0,0.0,0,0.0,0.0,0.0,0.0,0.0,0,30,140,5.0,12,1.44,2016
30,100000000.0,42.5,0.241,0.1825,0,0,0.0,0,0,0,4.761904762,0,0.0,0.0,0,0.0,0.0,0.0,0.0,0.0,0,30,140,5.0,24,4.36,2016
31,100000000.0,42.5,0.241,0.1825,0,0,0.0,0,0,0,4.761904762,0,0.0,0.0,0,0.0,0.0,0.0,0.0,0.0,0,30,140,5.0,36,5.35,2016
32,100000000.0,42.5,0.241,0.1825,0,0,0.0,0,0,0,4.761904762,0,0.0,0.0,0,0.0,0.0,0.0,0.0,0.0,0,30,140,5.0,48,6.09,2016
33,100000000.0,42.5,0.241,0.1825,0,0,0.0,0,0,0,4.761904762,0,0.0,0.0,0,0.0,0.0,0.0,0.0,0.0,0,30,140,5.0,60,6.36,2016
34,100000000.0,42.5,0.241,0.1825,0,0,0.0,0,0,0,4.761904762,0,0.0,0.0,0,0.0,0.0,0.0,0.0,0.0,0,30,140,5.0,72,7.22,2016
35,100000000.0,42.5,0.241,0.1825,0,0,0.0,0,0,0,4.761904762,0,0.0,0.0,0,0.0,0.0,0.0,0.0,0.0,0,30,140,5.5,0,0.0,2016
36,100000000.0,42.5,0.241,0.1825,0,0,0.0,0,0,0,4.761904762,0,0.0,0.0,0,0.0,0.0,0.0,0.0,0.0,0,30,140,5.5,12,1.08,2016
37,100000000.0,42.5,0.241,0.1825,0,0,0.0,0,0,0,4.761904762,0,0.0,0.0,0,0.0,0.0,0.0,0.0,0.0,0,30,140,5.5,24,3.08,2016
38,100000000.0,42.5,0.241,0.1825,0,0,0.0,0,0,0,4.761904762,0,0.0,0.0,0,0.0,0.0,0.0,0.0,0.0,0,30,140,5.5,36,4.27,2016
39,100000000.0,42.5,0.241,0.1825,0,0,0.0,0,0,0,4.761904762,0,0.0,0.0,0,0.0,0.0,0.0,0.0,0.0,0,30,140,5.5,48,4.54,2016
40,100000000.0,42.5,0.241,0.1825,0,0,0.0,0,0,0,4.761904762,0,0.0,0.0,0,0.0,0.0,0.0,0.0,0.0,0,30,140,5.5,60,4.99,2016
41,100000000.0,42.5,0.241,0.1825,0,0,0.0,0,0,0,4.761904762,0,0.0,0.0,0,0.0,0.0,0.0,0.0,0.0,0,30,140,5.5,72,5.68,2016
42,100000000.0,42.5,0.241,0.1825,0,0,0.0,0,0,0,4.761904762,0,0.0,0.0,0,0.0,0.0,0.0,0.0,0.0,0,30,140,6.0,0,0.0,2016
43,100000000.0,42.5,0.241,0.1825,0,0,0.0,0,0,0,4.761904762,0,0.0,0.0,0,0.0,0.0,0.0,0.0,0.0,0,30,140,6.0,12,0.27,2016
44,100000000.0,42.5,0.241,0.1825,0,0,0.0,0,0,0,4.761904762,0,0.0,0.0,0,0.0,0.0,0.0,0.0,0.0,0,30,140,6.0,24,1.44,2016
45,100000000.0,42.5,0.241,0.1825,0,0,0.0,0,0,0,4.761904762,0,0.0,0.0,0,0.0,0.0,0.0,0.0,0.0,0,30,140,6.0,36,2.95,2016
46,100000000.0,42.5,0.241,0.1825,0,0,0.0,0,0,0,4.761904762,0,0.0,0.0,0,0.0,0.0,0.0,0.0,0.0,0,30,140,6.0,48,2.18,2016
47,100000000.0,42.5,0.241,0.1825,0,0,0.0,0,0,0,4.761904762,0,0.0,0.0,0,0.0,0.0,0.0,0.0,0.0,0,30,140,6.0,60,2.27,2016
48,100000000.0,42.5,0.241,0.1825,0,0,0.0,0,0,0,4.761904762,0,0.0,0.0,0,0.0,0.0,0.0,0.0,0.0,0,30,140,6.0,72,2.98,2016
49,100000000.0,0.0,0.0,0.0,0,40,0.0,0,0,5,0.0,15,0.0,0.0,0,0.0,0.0,0.0,0.0,0.0,0,30,140,6.0,0,0.0,2016
50,100000000.0,0.0,0.0,0.0,0,40,0.0,0,0,5,0.0,15,0.0,0.0,0,0.0,0.0,0.0,0.0,0.0,0,30,140,6.0,24,2.9,2016
51,100000000.0,0.0,0.0,0.0,0,40,0.0,0,0,5,0.0,15,0.0,0.0,0,0.0,0.0,0.0,0.0,0.0,0,30,140,6.0,48,6.4,2016
52,100000000.0,0.0,0.0,0.0,0,40,0.0,0,0,5,0.0,15,0.0,0.0,0,0.0,0.0,0.0,0.0,0.0,0,30,140,6.0,72,7.8,2016
53,100000000.0,0.0,0.0,0.0,0,40,0.0,0,0,5,0.5,15,0.0,0.0,0,0.0,0.0,0.0,0.0,0.0,0,30,140,6.0,0,0.0,2016
54,100000000.0,0.0,0.0,0.0,0,40,0.0,0,0,5,0.5,15,0.0,0.0,0,0.0,0.0,0.0,0.0,0.0,0,30,140,6.0,24,4.8,2016
55,100000000.0,0.0,0.0,0.0,0,40,0.0,0,0,5,0.5,15,0.0,0.0,0,0.0,0.0,0.0,0.0,0.0,0,30,140,6.0,48,7.0,2016
56,100000000.0,0.0,0.0,0.0,0,40,0.0,0,0,5,0.5,15,0.0,0.0,0,0.0,0.0,0.0,0.0,0.0,0,30,140,6.0,72,8.65,2016
57,100000000.0,37.0,0.0,0.0,0,0,0.0,0,0,0,0.0,0,0.0,0.103,0,0.0,0.0,0.0,0.0,0.0,0,30,140,6.0,0,0.0,2013
58,100000000.0,37.0,0.0,0.0,0,0,0.0,0,0,0,0.0,0,0.0,0.103,0,0.0,0.0,0.0,0.0,0.0,0,30,140,6.0,12,1.26,2013
59,100000000.0,37.0,0.0,0.0,0,0,0.0,0,0,0,0.0,0,0.0,0.103,0,0.0,0.0,0.0,0.0,0.0,0,30,140,6.0,24,2.13,2013
60,100000000.0,37.0,0.0,0.0,0,0,0.0,0,0,0,0.0,0,0.0,0.103,0,0.0,0.0,0.0,0.0,0.0,0,30,140,6.0,36,3.25,2013
61,100000000.0,37.0,0.0,0.0,0,0,0.0,0,0,0,0.0,0,0.0,0.103,0,0.0,0.0,0.0,0.0,0.0,0,30,140,6.0,48,3.6,2013
62,100000000.0,37.0,0.0,0.0,0,0,0.0,0,0,0,0.0,0,0.0,0.103,0,0.0,0.0,0.0,0.0,0.0,0,30,140,6.0,60,3.53,2013
63,100000000.0,37.0,0.0,0.0,0,0,0.0,0,0,0,0.0,0,0.0,0.103,0,0.0,0.0,0.0,0.0,0.0,0,30,140,6.0,72,3.46,2013
64,100000000.0,37.0,0.0,0.0,0,0,0.0,0,0,0,0.0,0,0.0,0.103,0,0.0,0.0,0.0,0.0,0.0,0,30,140,6.0,12,1.29,2013
65,100000000.0,18.605,0.0,0.0,0,0,0.0,0,0,0,0.0,0,0.0,0.103,0,0.0,0.0,0.0,0.0,0.0,0,30,140,6.0,12,1.16,2013
66,100000000.0,18.605,0.0,0.0,0,0,0.0,0,0,0,0.0,0,0.0,0.103,0,0.0,0.0,0.0,0.0,0.0,0,30,140,6.0,36,2.21,2013
67,100000000.0,18.605,0.0,0.0,0,0,0.0,0,0,0,0.0,0,0.0,0.103,0,0.0,0.0,0.0,0.0,0.0,0,30,140,6.0,72,,2013
68,100000000.0,12.403,0.0,0.0,0,0,0.0,0,0,0,0.0,0,0.0,0.103,0,0.0,0.0,0.0,0.0,0.0,0,30,140,6.0,12,1.13,2013
69,100000000.0,12.403,0.0,0.0,0,0,0.0,0,0,0,0.0,0,0.0,0.103,0,0.0,0.0,0.0,0.0,0.0,0,30,140,6.0,36,1.52,2013
70,100000000.0,12.403,0.0,0.0,0,0,0.0,0,0,0,0.0,0,0.0,0.103,0,0.0,0.0,0.0,0.0,0.0,0,30,140,6.0,72,,2013
71,100000000.0,37.21,0.0,0.0,0,0,0.0,0,0,0,0.0,10,0.0,0.103,0,0.0,0.0,0.0,0.0,0.0,0,30,140,6.0,0,0.0,2013
72,100000000.0,37.21,0.0,0.0,0,0,0.0,0,0,0,0.0,10,0.0,0.103,0,0.0,0.0,0.0,0.0,0.0,0,30,140,6.0,12,0.8,2013
73,100000000.0,37.21,0.0,0.0,0,0,0.0,0,0,0,0.0,10,0.0,0.103,0,0.0,0.0,0.0,0.0,0.0,0,30,140,6.0,24,2.06,2013
74,100000000.0,37.21,0.0,0.0,0,0,0.0,0,0,0,0.0,10,0.0,0.103,0,0.0,0.0,0.0,0.0,0.0,0,30,140,6.0,36,3.1,2013
75,100000000.0,37.21,0.0,0.0,0,0,0.0,0,0,0,0.0,10,0.0,0.103,0,0.0,0.0,0.0,0.0,0.0,0,30,140,6.0,48,3.86,2013
76,100000000.0,37.21,0.0,0.0,0,0,0.0,0,0,0,0.0,10,0.0,0.103,0,0.0,0.0,0.0,0.0,0.0,0,30,140,6.0,60,4.26,2013
77,100000000.0,37.21,0.0,0.0,0,0,0.0,0,0,0,0.0,10,0.0,0.103,0,0.0,0.0,0.0,0.0,0.0,0,30,140,6.0,72,5.15,2013
78,100000000.0,37.21,0.0,0.0,0,0,0.0,0,0,0,0.0,0,2.173913043,0.103,0,0.0,0.0,0.0,0.0,0.0,0,30,140,6.0,0,0.0,2013
79,100000000.0,37.21,0.0,0.0,0,0,0.0,0,0,0,0.0,0,2.173913043,0.103,0,0.0,0.0,0.0,0.0,0.0,0,30,140,6.0,12,1.56,2013
80,100000000.0,37.21,0.0,0.0,0,0,0.0,0,0,0,0.0,0,2.173913043,0.103,0,0.0,0.0,0.0,0.0,0.0,0,30,140,6.0,24,2.6,2013
81,100000000.0,37.21,0.0,0.0,0,0,0.0,0,0,0,0.0,0,2.173913043,0.103,0,0.0,0.0,0.0,0.0,0.0,0,30,140,6.0,36,2.8,2013
82,100000000.0,37.21,0.0,0.0,0,0,0.0,0,0,0,0.0,0,2.173913043,0.103,0,0.0,0.0,0.0,0.0,0.0,0,30,140,6.0,48,3.6,2013
83,100000000.0,37.21,0.0,0.0,0,0,0.0,0,0,0,0.0,0,2.173913043,0.103,0,0.0,0.0,0.0,0.0,0.0,0,30,140,6.0,60,3.8,2013
84,100000000.0,37.21,0.0,0.0,0,0,0.0,0,0,0,0.0,0,2.173913043,0.103,0,0.0,0.0,0.0,0.0,0.0,0,30,140,6.0,72,4.0,2013
85,100000000.0,37.21,0.0,0.0,0,0,0.0,0,0,0,4.761904762,0,0.0,0.103,0,0.0,0.0,0.0,0.0,0.0,0,30,140,6.0,0,0.0,2013
86,100000000.0,37.21,0.0,0.0,0,0,0.0,0,0,0,4.761904762,0,0.0,0.103,0,0.0,0.0,0.0,0.0,0.0,0,30,140,6.0,12,0.73,2013
87,100000000.0,37.21,0.0,0.0,0,0,0.0,0,0,0,4.761904762,0,0.0,0.103,0,0.0,0.0,0.0,0.0,0.0,0,30,140,6.0,24,1.8,2013
88,100000000.0,37.21,0.0,0.0,0,0,0.0,0,0,0,4.761904762,0,0.0,0.103,0,0.0,0.0,0.0,0.0,0.0,0,30,140,6.0,36,2.73,2013
89,100000000.0,37.21,0.0,0.0,0,0,0.0,0,0,0,4.761904762,0,0.0,0.103,0,0.0,0.0,0.0,0.0,0.0,0,30,140,6.0,48,3.13,2013
90,100000000.0,37.21,0.0,0.0,0,0,0.0,0,0,0,4.761904762,0,0.0,0.103,0,0.0,0.0,0.0,0.0,0.0,0,30,140,6.0,60,3.4,2013
91,100000000.0,37.21,0.0,0.0,0,0,0.0,0,0,0,4.761904762,0,0.0,0.103,0,0.0,0.0,0.0,0.0,0.0,0,30,140,6.0,72,3.8,2013
92,100000000.0,37.21,0.0,0.0,0,0,0.0,0,0,0,0.0,0,0.0,0.103,0,0.0,0.0,0.0,0.0,0.0,0,30,140,6.0,0,0.0,2013
93,100000000.0,37.21,0.0,0.0,0,0,0.0,0,0,0,0.0,0,0.0,0.103,0,0.0,0.0,0.0,0.0,0.0,0,30,140,6.0,12,0.83,2013
94,100000000.0,37.21,0.0,0.0,0,0,0.0,0,0,0,0.0,0,0.0,0.103,0,0.0,0.0,0.0,0.0,0.0,0,30,140,6.0,24,1.8,2013
95,100000000.0,37.21,0.0,0.0,0,0,0.0,0,0,0,0.0,0,0.0,0.103,0,0.0,0.0,0.0,0.0,0.0,0,30,140,6.0,36,2.83,2013
96,100000000.0,37.21,0.0,0.0,0,0,0.0,0,0,0,0.0,0,0.0,0.103,0,0.0,0.0,0.0,0.0,0.0,0,30,140,6.0,48,3.0,2013
97,100000000.0,37.21,0.0,0.0,0,0,0.0,0,0,0,0.0,0,0.0,0.103,0,0.0,0.0,0.0,0.0,0.0,0,30,140,6.0,60,3.46,2013
98,100000000.0,37.21,0.0,0.0,0,0,0.0,0,0,0,0.0,0,0.0,0.103,0,0.0,0.0,0.0,0.0,0.0,0,30,140,6.0,72,3.8,2013
99,100000000.0,75.384,0.0,0.0,0,0,4.0,0,0,0,0.0,0,0.0,0.103,0,0.0,0.0,0.0,0.0,0.0,0,30,140,6.0,0,0.0,2013
100,100000000.0,75.384,0.0,0.0,0,0,4.0,0,0,0,0.0,0,0.0,0.103,0,0.0,0.0,0.0,0.0,0.0,0,30,140,6.0,12,,2013
101,100000000.0,75.384,0.0,0.0,0,0,4.0,0,0,0,0.0,0,0.0,0.103,0,0.0,0.0,0.0,0.0,0.0,0,30,140,6.0,24,0.6,2013
102,100000000.0,75.384,0.0,0.0,0,0,4.0,0,0,0,0.0,0,0.0,0.103,0,0.0,0.0,0.0,0.0,0.0,0,30,140,6.0,36,,2013
103,100000000.0,75.384,0.0,0.0,0,0,4.0,0,0,0,0.0,0,0.0,0.103,0,0.0,0.0,0.0,0.0,0.0,0,30,140,6.0,48,1.8,2013
104,100000000.0,75.384,0.0,0.0,0,0,4.0,0,0,0,0.0,0,0.0,0.103,0,0.0,0.0,0.0,0.0,0.0,0,30,140,6.0,60,,2013
105,100000000.0,75.384,0.0,0.0,0,0,4.0,0,0,0,0.0,0,0.0,0.103,0,0.0,0.0,0.0,0.0,0.0,0,30,140,6.0,72,2.2,2013
106,100000000.0,112.594,0.0,0.0,0,0,4.0,0,0,0,0.0,0,0.0,0.103,0,0.0,0.0,0.0,0.0,0.0,0,30,140,6.0,0,0.0,2013
107,100000000.0,112.594,0.0,0.0,0,0,4.0,0,0,0,0.0,0,0.0,0.103,0,0.0,0.0,0.0,0.0,0.0,0,30,140,6.0,12,,2013
108,100000000.0,112.594,0.0,0.0,0,0,4.0,0,0,0,0.0,0,0.0,0.103,0,0.0,0.0,0.0,0.0,0.0,0,30,140,6.0,24,2.2,2013
109,100000000.0,112.594,0.0,0.0,0,0,4.0,0,0,0,0.0,0,0.0,0.103,0,0.0,0.0,0.0,0.0,0.0,0,30,140,6.0,36,2.7,2013
110,100000000.0,112.594,0.0,0.0,0,0,4.0,0,0,0,0.0,0,0.0,0.103,0,0.0,0.0,0.0,0.0,0.0,0,30,140,6.0,48,3.25,2013
111,100000000.0,112.594,0.0,0.0,0,0,4.0,0,0,0,0.0,0,0.0,0.103,0,0.0,0.0,0.0,0.0,0.0,0,30,140,6.0,60,3.3,2013
112,100000000.0,112.594,0.0,0.0,0,0,4.0,0,0,0,0.0,0,0.0,0.103,0,0.0,0.0,0.0,0.0,0.0,0,30,140,6.0,72,3.37,2013
113,100000000.0,37.21,0.0,0.0,0,0,0.0,0,0,0,0.0,0,0.0,0.103,0,0.0,0.0,0.0,0.0,0.0,0,30,140,6.0,0,0.0,2013
114,100000000.0,37.21,0.0,0.0,0,0,0.0,0,0,0,0.0,0,0.0,0.103,0,0.0,0.0,0.0,0.0,0.0,0,30,140,6.0,12,,2013
115,100000000.0,37.21,0.0,0.0,0,0,0.0,0,0,0,0.0,0,0.0,0.103,0,0.0,0.0,0.0,0.0,0.0,0,30,140,6.0,24,2.5,2013
116,100000000.0,37.21,0.0,0.0,0,0,0.0,0,0,0,0.0,0,0.0,0.103,0,0.0,0.0,0.0,0.0,0.0,0,30,140,6.0,36,2.85,2013
117,100000000.0,37.21,0.0,0.0,0,0,0.0,0,0,0,0.0,0,0.0,0.103,0,0.0,0.0,0.0,0.0,0.0,0,30,140,6.0,48,3.45,2013
118,100000000.0,37.21,0.0,0.0,0,0,0.0,0,0,0,0.0,0,0.0,0.103,0,0.0,0.0,0.0,0.0,0.0,0,30,140,6.0,60,3.37,2013
119,100000000.0,37.21,0.0,0.0,0,0,0.0,0,0,0,0.0,0,0.0,0.103,0,0.0,0.0,0.0,0.0,0.0,0,30,140,6.0,72,3.58,2013
120,100000000.0,74.902,0.0,0.0,0,0,2.0,0,0,0,0.0,0,0.0,0.103,0,0.0,0.0,0.0,0.0,0.0,0,30,140,6.0,0,0.0,2013
121,100000000.0,74.902,0.0,0.0,0,0,2.0,0,0,0,0.0,0,0.0,0.103,0,0.0,0.0,0.0,0.0,0.0,0,30,140,6.0,12,1.27,2013
122,100000000.0,74.902,0.0,0.0,0,0,2.0,0,0,0,0.0,0,0.0,0.103,0,0.0,0.0,0.0,0.0,0.0,0,30,140,6.0,24,2.16,2013
123,100000000.0,74.902,0.0,0.0,0,0,2.0,0,0,0,0.0,0,0.0,0.103,0,0.0,0.0,0.0,0.0,0.0,0,30,140,6.0,36,2.55,2013
124,100000000.0,74.902,0.0,0.0,0,0,2.0,0,0,0,0.0,0,0.0,0.103,0,0.0,0.0,0.0,0.0,0.0,0,30,140,6.0,48,3.14,2013
125,100000000.0,74.902,0.0,0.0,0,0,2.0,0,0,0,0.0,0,0.0,0.103,0,0.0,0.0,0.0,0.0,0.0,0,30,140,6.0,60,3.08,2013
126,100000000.0,74.902,0.0,0.0,0,0,2.0,0,0,0,0.0,0,0.0,0.103,0,0.0,0.0,0.0,0.0,0.0,0,30,140,6.0,72,3.22,2013
127,100000000.0,112.594,0.0,0.0,0,0,4.0,0,0,0,0.0,0,0.0,0.103,0,0.0,0.0,0.0,0.0,0.0,0,30,140,6.0,0,0.0,2013
128,100000000.0,112.594,0.0,0.0,0,0,4.0,0,0,0,0.0,0,0.0,0.103,0,0.0,0.0,0.0,0.0,0.0,0,30,140,6.0,12,1.08,2013
129,100000000.0,112.594,0.0,0.0,0,0,4.0,0,0,0,0.0,0,0.0,0.103,0,0.0,0.0,0.0,0.0,0.0,0,30,140,6.0,24,2.16,2013
130,100000000.0,112.594,0.0,0.0,0,0,4.0,0,0,0,0.0,0,0.0,0.103,0,0.0,0.0,0.0,0.0,0.0,0,30,140,6.0,36,2.64,2013
131,100000000.0,112.594,0.0,0.0,0,0,4.0,0,0,0,0.0,0,0.0,0.103,0,0.0,0.0,0.0,0.0,0.0,0,30,140,6.0,48,3.27,2013
132,100000000.0,112.594,0.0,0.0,0,0,4.0,0,0,0,0.0,0,0.0,0.103,0,0.0,0.0,0.0,0.0,0.0,0,30,140,6.0,60,3.33,2013
133,100000000.0,112.594,0.0,0.0,0,0,4.0,0,0,0,0.0,0,0.0,0.103,0,0.0,0.0,0.0,0.0,0.0,0,30,140,6.0,72,3.33,2013
134,100000000.0,150.286,0.0,0.0,0,0,6.0,0,0,0,0.0,0,0.0,0.103,0,0.0,0.0,0.0,0.0,0.0,0,30,140,6.0,0,0.0,2013
135,100000000.0,150.286,0.0,0.0,0,0,6.0,0,0,0,0.0,0,0.0,0.103,0,0.0,0.0,0.0,0.0,0.0,0,30,140,6.0,12,1.14,2013
136,100000000.0,150.286,0.0,0.0,0,0,6.0,0,0,0,0.0,0,0.0,0.103,0,0.0,0.0,0.0,0.0,0.0,0,30,140,6.0,24,2.0,2013
137,100000000.0,150.286,0.0,0.0,0,0,6.0,0,0,0,0.0,0,0.0,0.103,0,0.0,0.0,0.0,0.0,0.0,0,30,140,6.0,36,3.14,2013
138,100000000.0,150.286,0.0,0.0,0,0,6.0,0,0,0,0.0,0,0.0,0.103,0,0.0,0.0,0.0,0.0,0.0,0,30,140,6.0,48,3.27,2013
139,100000000.0,150.286,0.0,0.0,0,0,6.0,0,0,0,0.0,0,0.0,0.103,0,0.0,0.0,0.0,0.0,0.0,0,30,140,6.0,60,3.22,2013
140,100000000.0,150.286,0.0,0.0,0,0,6.0,0,0,0,0.0,0,0.0,0.103,0,0.0,0.0,0.0,0.0,0.0,0,30,140,6.0,72,3.42,2013
141,100000000.0,187.978,0.0,0.0,0,0,8.0,0,0,0,0.0,0,0.0,0.103,0,0.0,0.0,0.0,0.0,0.0,0,30,140,6.0,0,0.0,2013
142,100000000.0,187.978,0.0,0.0,0,0,8.0,0,0,0,0.0,0,0.0,0.103,0,0.0,0.0,0.0,0.0,0.0,0,30,140,6.0,12,1.27,2013
143,100000000.0,187.978,0.0,0.0,0,0,8.0,0,0,0,0.0,0,0.0,0.103,0,0.0,0.0,0.0,0.0,0.0,0,30,140,6.0,24,2.05,2013
144,100000000.0,187.978,0.0,0.0,0,0,8.0,0,0,0,0.0,0,0.0,0.103,0,0.0,0.0,0.0,0.0,0.0,0,30,140,6.0,36,3.61,2013
145,100000000.0,187.978,0.0,0.0,0,0,8.0,0,0,0,0.0,0,0.0,0.103,0,0.0,0.0,0.0,0.0,0.0,0,30,140,6.0,48,3.52,2013
146,100000000.0,187.978,0.0,0.0,0,0,8.0,0,0,0,0.0,0,0.0,0.103,0,0.0,0.0,0.0,0.0,0.0,0,30,140,6.0,60,3.58,2013
147,100000000.0,187.978,0.0,0.0,0,0,8.0,0,0,0,0.0,0,0.0,0.103,0,0.0,0.0,0.0,0.0,0.0,0,30,140,6.0,72,3.5,2013
148,100000000.0,225.67,0.0,0.0,0,0,10.0,0,0,0,0.0,0,0.0,0.103,0,0.0,0.0,0.0,0.0,0.0,0,30,140,6.0,0,0.0,2013
149,100000000.0,225.67,0.0,0.0,0,0,10.0,0,0,0,0.0,0,0.0,0.103,0,0.0,0.0,0.0,0.0,0.0,0,30,140,6.0,12,0.94,2013
150,100000000.0,225.67,0.0,0.0,0,0,10.0,0,0,0,0.0,0,0.0,0.103,0,0.0,0.0,0.0,0.0,0.0,0,30,140,6.0,24,1.94,2013
151,100000000.0,225.67,0.0,0.0,0,0,10.0,0,0,0,0.0,0,0.0,0.103,0,0.0,0.0,0.0,0.0,0.0,0,30,140,6.0,36,3.88,2013
152,100000000.0,225.67,0.0,0.0,0,0,10.0,0,0,0,0.0,0,0.0,0.103,0,0.0,0.0,0.0,0.0,0.0,0,30,140,6.0,48,4.08,2013
153,100000000.0,225.67,0.0,0.0,0,0,10.0,0,0,0,0.0,0,0.0,0.103,0,0.0,0.0,0.0,0.0,0.0,0,30,140,6.0,60,4.19,2013
154,100000000.0,225.67,0.0,0.0,0,0,10.0,0,0,0,0.0,0,0.0,0.103,0,0.0,0.0,0.0,0.0,0.0,0,30,140,6.0,72,3.97,2013
155,100000000.0,101.0,3.3,0.0,0,0,1.24,0,0,0,0.0,0,0.0,1.2,0,0.0,0.0,0.0,0.0,0.0,0,30,140,6.0,0,0.0,2020
156,100000000.0,101.0,3.3,0.0,0,0,1.24,0,0,0,0.0,0,0.0,1.2,0,0.0,0.0,0.0,0.0,0.0,0,30,140,6.0,12,2.0,2020
157,100000000.0,101.0,3.3,0.0,0,0,1.24,0,0,0,0.0,0,0.0,1.2,0,0.0,0.0,0.0,0.0,0.0,0,30,140,6.0,24,2.18,2020
158,100000000.0,101.0,3.3,0.0,0,0,1.24,0,0,0,0.0,0,0.0,1.2,0,0.0,0.0,0.0,0.0,0.0,0,30,140,6.0,36,3.09,2020
159,100000000.0,101.0,3.3,0.0,0,0,1.24,0,0,0,0.0,0,0.0,1.2,0,0.0,0.0,0.0,0.0,0.0,0,30,140,6.0,48,3.45,2020
160,100000000.0,101.0,3.3,0.0,0,0,1.24,0,0,0,0.0,0,0.0,1.2,0,0.0,0.0,0.0,0.0,0.0,0,30,140,6.0,60,3.64,2020
161,100000000.0,101.0,3.3,0.0,0,0,1.24,0,0,0,0.0,0,0.0,1.2,0,0.0,0.0,0.0,0.0,0.0,0,30,140,6.0,72,3.81,2020
162,100000000.0,50.5,1.65,0.0,0,0,0.62,0,0,0,0.0,0,0.0,0.6,0,0.0,0.0,0.0,0.0,0.0,0,30,140,6.0,0,2.73,2020
163,100000000.0,101.0,3.3,0.0,0,0,1.24,0,0,0,0.0,0,0.0,1.2,0,0.0,0.0,0.0,0.0,0.0,0,30,140,6.0,12,2.82,2020
164,100000000.0,101.0,4.95,0.0,0,0,1.86,0,0,0,0.0,0,0.0,1.2,0,0.0,0.0,0.0,0.0,0.0,0,30,140,6.0,24,3.73,2020
165,100000000.0,101.0,4.95,0.0,0,0,1.86,0,0,0,0.0,0,0.0,1.2,0,0.0,0.0,0.0,0.0,0.0,0,30,140,6.0,36,4.27,2020
166,100000000.0,101.0,4.95,0.0,0,0,1.86,0,0,0,0.0,0,0.0,1.2,0,0.0,0.0,0.0,0.0,0.0,0,30,140,6.0,48,4.18,2020
167,100000000.0,101.0,4.95,0.0,0,0,1.86,0,0,0,0.0,0,0.0,1.2,0,0.0,0.0,0.0,0.0,0.0,0,30,140,6.0,60,5.36,2020
168,100000000.0,101.0,4.95,0.0,0,0,1.86,0,0,0,0.0,0,0.0,1.2,0,0.0,0.0,0.0,0.0,0.0,0,30,140,6.0,72,5.09,2020
169,100000000.0,50.5,1.65,0.0,0,0,0.62,0,0,0,0.0,0,0.0,0.6,0,0.0,0.0,0.0,0.0,0.0,0,30,140,6.0,0,3.27,2020
170,100000000.0,101.0,3.3,0.0,0,0,1.24,0,0,0,0.0,0,0.0,1.2,0,0.0,0.0,0.0,0.0,0.0,0,30,140,6.0,12,3.73,2020
171,100000000.0,101.0,4.95,0.0,0,0,1.86,0,0,0,0.0,0,0.0,1.2,0,0.0,0.0,0.0,0.0,0.0,0,30,140,6.0,24,3.82,2020
172,100000000.0,101.0,4.95,0.0,0,0,1.86,0,0,0,0.0,0,0.0,1.2,0,0.0,0.0,0.0,0.0,0.0,0,30,140,6.0,36,4.36,2020
173,100000000.0,101.0,4.95,0.0,0,0,1.86,0,0,0,0.0,0,0.0,1.2,0,0.0,0.0,0.0,0.0,0.0,0,30,140,6.0,48,4.45,2020
174,100000000.0,101.0,4.95,0.0,0,0,1.86,0,0,0,0.0,0,0.0,1.2,0,0.0,0.0,0.0,0.0,0.0,0,30,140,6.0,60,5.27,2020
175,100000000.0,101.0,4.95,0.0,0,0,1.86,0,0,0,0.0,0,0.0,1.2,0,0.0,0.0,0.0,0.0,0.0,0,30,140,6.0,72,4.72,2020
176,100000000.0,50.5,1.65,0.0,0,0,0.62,0,0,0,0.0,0,0.0,0.6,0,0.0,0.0,0.0,0.0,0.0,0,30,140,6.0,0,3.18,2020
177,100000000.0,101.0,3.3,0.0,0,0,1.24,0,0,0,0.0,0,0.0,1.2,0,0.0,0.0,0.0,0.0,0.0,0,30,140,6.0,12,4.0,2020
178,100000000.0,101.0,4.95,0.0,0,0,1.86,0,0,0,0.0,0,0.0,1.2,0,0.0,0.0,0.0,0.0,0.0,0,30,140,6.0,24,4.09,2020
179,100000000.0,101.0,4.95,0.0,0,0,1.86,0,0,0,0.0,0,0.0,1.2,0,0.0,0.0,0.0,0.0,0.0,0,30,140,6.0,36,5.55,2020
180,100000000.0,101.0,4.95,0.0,0,0,1.86,0,0,0,0.0,0,0.0,1.2,0,0.0,0.0,0.0,0.0,0.0,0,30,140,6.0,48,5.55,2020
181,100000000.0,101.0,4.95,0.0,0,0,1.86,0,0,0,0.0,0,0.0,1.2,0,0.0,0.0,0.0,0.0,0.0,0,30,140,6.0,69,6.18,2020
182,100000000.0,101.0,4.95,0.0,0,0,1.86,0,0,0,0.0,0,0.0,1.2,0,0.0,0.0,0.0,0.0,0.0,0,30,140,6.0,72,5.64,2020
183,100000000.0,50.5,1.65,0.0,0,0,0.62,0,0,0,0.0,0,0.0,0.6,0,0.0,0.0,0.0,0.0,0.0,0,30,140,6.0,0,3.64,2020
184,100000000.0,101.0,3.3,0.0,0,0,1.24,0,0,0,0.0,0,0.0,1.2,0,0.0,0.0,0.0,0.0,0.0,0,30,140,6.0,12,4.09,2020
185,100000000.0,101.0,4.95,0.0,0,0,1.86,0,0,0,0.0,0,0.0,1.2,0,0.0,0.0,0.0,0.0,0.0,0,30,140,6.0,24,4.18,2020
186,100000000.0,101.0,4.95,0.0,0,0,1.86,0,0,0,0.0,0,0.0,1.2,0,0.0,0.0,0.0,0.0,0.0,0,30,140,6.0,36,6.0,2020
187,100000000.0,101.0,4.95,0.0,0,0,1.86,0,0,0,0.0,0,0.0,1.2,0,0.0,0.0,0.0,0.0,0.0,0,30,140,6.0,48,5.55,2020
188,100000000.0,101.0,4.95,0.0,0,0,1.86,0,0,0,0.0,0,0.0,1.2,0,0.0,0.0,0.0,0.0,0.0,0,30,140,6.0,60,6.09,2020
189,100000000.0,101.0,4.95,0.0,0,0,1.86,0,0,0,0.0,0,0.0,1.2,0,0.0,0.0,0.0,0.0,0.0,0,30,140,6.0,72,5.91,2020
190,100000000.0,101.0,3.3,0.0,0,0,1.24,0,0,0,0.0,0,0.0,1.2,0,0.0,0.0,0.0,0.0,0.0,0,30,140,6.0,0,,2020
191,100000000.0,101.0,3.3,0.0,0,0,1.24,0,0,0,0.0,0,0.0,1.2,0,0.0,0.0,0.0,0.0,0.0,0,30,140,6.0,12,2.55,2020
192,100000000.0,101.0,3.3,0.0,0,0,1.24,0,0,0,0.0,0,0.0,1.2,0,0.0,0.0,0.0,0.0,0.0,0,30,140,6.0,24,2.55,2020
193,100000000.0,101.0,3.3,0.0,0,0,1.24,0,0,0,0.0,0,0.0,1.2,0,0.0,0.0,0.0,0.0,0.0,0,30,140,6.0,36,3.27,2020
194,100000000.0,101.0,3.3,0.0,0,0,1.24,0,0,0,0.0,0,0.0,1.2,0,0.0,0.0,0.0,0.0,0.0,0,30,140,6.0,48,3.64,2020
195,100000000.0,101.0,3.3,0.0,0,0,1.24,0,0,0,0.0,0,0.0,1.2,0,0.0,0.0,0.0,0.0,0.0,0,30,140,6.0,69,3.82,2020
196,100000000.0,101.0,3.3,0.0,0,0,1.24,0,0,0,0.0,0,0.0,1.2,0,0.0,0.0,0.0,0.0,0.0,0,30,140,6.0,72,3.64,2020
197,100000000.0,30.3,0.99,0.0,0,0,0.372,0,0,0,0.0,0,0.0,0.36,0,0.0,0.0,0.0,0.0,0.0,0,30,140,6.0,0,1.82,2020
198,100000000.0,101.0,5.61,0.0,0,0,2.108,0,0,0,0.0,0,0.0,1.2,0,0.0,0.0,0.0,0.0,0.0,0,30,140,6.0,12,2.82,2020
199,100000000.0,101.0,5.61,0.0,0,0,2.108,0,0,0,0.0,0,0.0,1.2,0,0.0,0.0,0.0,0.0,0.0,0,30,140,6.0,24,3.27,2020
200,100000000.0,101.0,5.61,0.0,0,0,2.108,0,0,0,0.0,0,0.0,1.2,0,0.0,0.0,0.0,0.0,0.0,0,30,140,6.0,36,4.55,2020
201,100000000.0,101.0,5.61,0.0,0,0,2.108,0,0,0,0.0,0,0.0,1.2,0,0.0,0.0,0.0,0.0,0.0,0,30,140,6.0,48,4.73,2020
202,100000000.0,101.0,5.61,0.0,0,0,2.108,0,0,0,0.0,0,0.0,1.2,0,0.0,0.0,0.0,0.0,0.0,0,30,140,6.0,60,5.46,2020
203,100000000.0,101.0,5.61,0.0,0,0,2.108,0,0,0,0.0,0,0.0,1.2,0,0.0,0.0,0.0,0.0,0.0,0,30,140,6.0,72,5.27,2020
204,100000000.0,30.3,0.99,0.0,0,0,0.372,0,0,0,0.0,0,0.0,0.36,0,0.0,0.0,0.0,0.0,0.0,0,30,140,6.0,0,2.36,2020
205,100000000.0,101.0,5.61,0.0,0,0,2.108,0,0,0,0.0,0,0.0,1.2,0,0.0,0.0,0.0,0.0,0.0,0,30,140,6.0,12,2.88,2020
206,100000000.0,101.0,5.61,0.0,0,0,2.108,0,0,0,0.0,0,0.0,1.2,0,0.0,0.0,0.0,0.0,0.0,0,30,140,6.0,24,3.37,2020
207,100000000.0,101.0,5.61,0.0,0,0,2.108,0,0,0,0.0,0,0.0,1.2,0,0.0,0.0,0.0,0.0,0.0,0,30,140,6.0,36,3.82,2020
208,100000000.0,101.0,5.61,0.0,0,0,2.108,0,0,0,0.0,0,0.0,1.2,0,0.0,0.0,0.0,0.0,0.0,0,30,140,6.0,48,3.37,2020
209,100000000.0,101.0,5.61,0.0,0,0,2.108,0,0,0,0.0,0,0.0,1.2,0,0.0,0.0,0.0,0.0,0.0,0,30,140,6.0,69,4.36,2020
210,100000000.0,101.0,5.61,0.0,0,0,2.108,0,0,0,0.0,0,0.0,1.2,0,0.0,0.0,0.0,0.0,0.0,0,30,140,6.0,72,4.36,2020
211,100000000.0,30.3,0.99,0.0,0,0,0.372,0,0,0,0.0,0,0.0,0.36,0,0.0,0.0,0.0,0.0,0.0,0,30,140,6.0,0,2.0,2020
212,100000000.0,101.0,5.61,0.0,0,0,2.108,0,0,0,0.0,0,0.0,1.2,0,0.0,0.0,0.0,0.0,0.0,0,30,140,6.0,12,2.73,2020
213,100000000.0,101.0,5.61,0.0,0,0,2.108,0,0,0,0.0,0,0.0,1.2,0,0.0,0.0,0.0,0.0,0.0,0,30,140,6.0,24,3.78,2020
214,100000000.0,101.0,5.61,0.0,0,0,2.108,0,0,0,0.0,0,0.0,1.2,0,0.0,0.0,0.0,0.0,0.0,0,30,140,6.0,36,4.36,2020
215,100000000.0,101.0,5.61,0.0,0,0,2.108,0,0,0,0.0,0,0.0,1.2,0,0.0,0.0,0.0,0.0,0.0,0,30,140,6.0,48,5.0,2020
216,100000000.0,101.0,5.61,0.0,0,0,2.108,0,0,0,0.0,0,0.0,1.2,0,0.0,0.0,0.0,0.0,0.0,0,30,140,6.0,60,6.55,2020
217,100000000.0,101.0,5.61,0.0,0,0,2.108,0,0,0,0.0,0,0.0,1.2,0,0.0,0.0,0.0,0.0,0.0,0,30,140,6.0,72,6.18,2020
218,100000000.0,30.3,0.99,0.0,0,0,0.372,0,0,0,0.0,0,0.0,0.36,0,0.0,0.0,0.0,0.0,0.0,0,30,140,6.0,0,2.55,2020
219,100000000.0,101.0,5.61,0.0,0,0,2.108,0,0,0,0.0,0,0.0,1.2,0,0.0,0.0,0.0,0.0,0.0,0,30,140,6.0,12,2.91,2020
220,100000000.0,101.0,5.61,0.0,0,0,2.108,0,0,0,0.0,0,0.0,1.2,0,0.0,0.0,0.0,0.0,0.0,0,30,140,6.0,24,3.46,2020
221,100000000.0,101.0,5.61,0.0,0,0,2.108,0,0,0,0.0,0,0.0,1.2,0,0.0,0.0,0.0,0.0,0.0,0,30,140,6.0,36,4.55,2020
222,100000000.0,101.0,5.61,0.0,0,0,2.108,0,0,0,0.0,0,0.0,1.2,0,0.0,0.0,0.0,0.0,0.0,0,30,140,6.0,48,4.73,2020
223,100000000.0,101.0,5.61,0.0,0,0,2.108,0,0,0,0.0,0,0.0,1.2,0,0.0,0.0,0.0,0.0,0.0,0,30,140,6.0,60,5.82,2020
224,100000000.0,101.0,5.61,0.0,0,0,2.108,0,0,0,0.0,0,0.0,1.2,0,0.0,0.0,0.0,0.0,0.0,0,30,140,6.0,72,5.82,2020
225,100000000.0,101.0,3.3,0.0,0,0,1.24,0,0,0,0.0,0,0.0,1.2,0,0.0,0.0,0.0,0.0,0.0,0,30,140,6.0,0,,2020
226,100000000.0,101.0,3.3,0.0,0,0,1.24,0,0,0,0.0,0,0.0,1.2,0,0.0,0.0,0.0,0.0,0.0,0,30,140,6.0,12,2.09,2020
227,100000000.0,101.0,3.3,0.0,0,0,1.24,0,0,0,0.0,0,0.0,1.2,0,0.0,0.0,0.0,0.0,0.0,0,30,140,6.0,24,2.64,2020
228,100000000.0,101.0,3.3,0.0,0,0,1.24,0,0,0,0.0,0,0.0,1.2,0,0.0,0.0,0.0,0.0,0.0,0,30,140,6.0,36,3.09,2020
229,100000000.0,101.0,3.3,0.0,0,0,1.24,0,0,0,0.0,0,0.0,1.2,0,0.0,0.0,0.0,0.0,0.0,0,30,140,6.0,48,3.27,2020
230,100000000.0,101.0,3.3,0.0,0,0,1.24,0,0,0,0.0,0,0.0,1.2,0,0.0,0.0,0.0,0.0,0.0,0,30,140,6.0,60,3.36,2020
231,100000000.0,101.0,3.3,0.0,0,0,1.24,0,0,0,0.0,0,0.0,1.2,0,0.0,0.0,0.0,0.0,0.0,0,30,140,6.0,72,3.55,2020
232,100000000.0,10.1,0.33,0.0,0,0,0.124,0,0,0,0.0,0,0.0,0.12,0,0.0,0.0,0.0,0.0,0.0,0,30,140,6.0,0,0.73,2020
233,100000000.0,101.0,3.3,0.0,0,0,1.24,0,0,0,0.0,0,0.0,1.2,0,0.0,0.0,0.0,0.0,0.0,0,30,140,6.0,12,2.0,2020
234,100000000.0,101.0,3.3,0.0,0,0,1.24,0,0,0,0.0,0,0.0,1.2,0,0.0,0.0,0.0,0.0,0.0,0,30,140,6.0,24,2.64,2020
235,100000000.0,101.0,3.3,0.0,0,0,1.24,0,0,0,0.0,0,0.0,1.2,0,0.0,0.0,0.0,0.0,0.0,0,30,140,6.0,36,3.82,2020
236,100000000.0,101.0,3.3,0.0,0,0,1.24,0,0,0,0.0,0,0.0,1.2,0,0.0,0.0,0.0,0.0,0.0,0,30,140,6.0,48,3.82,2020
237,100000000.0,101.0,3.3,0.0,0,0,1.24,0,0,0,0.0,0,0.0,1.2,0,0.0,0.0,0.0,0.0,0.0,0,30,140,6.0,60,4.91,2020
238,100000000.0,101.0,3.3,0.0,0,0,1.24,0,0,0,0.0,0,0.0,1.2,0,0.0,0.0,0.0,0.0,0.0,0,30,140,6.0,72,4.09,2020
239,100000000.0,10.1,0.33,0.0,0,0,0.124,0,0,0,0.0,0,0.0,0.12,0,0.0,0.0,0.0,0.0,0.0,0,30,140,6.0,0,0.73,2020
240,100000000.0,101.0,3.3,0.0,0,0,1.24,0,0,0,0.0,0,0.0,1.2,0,0.0,0.0,0.0,0.0,0.0,0,30,140,6.0,12,2.18,2020
241,100000000.0,101.0,3.3,0.0,0,0,1.24,0,0,0,0.0,0,0.0,1.2,0,0.0,0.0,0.0,0.0,0.0,0,30,140,6.0,24,2.45,2020
242,100000000.0,101.0,3.3,0.0,0,0,1.24,0,0,0,0.0,0,0.0,1.2,0,0.0,0.0,0.0,0.0,0.0,0,30,140,6.0,36,3.18,2020
243,100000000.0,101.0,3.3,0.0,0,0,1.24,0,0,0,0.0,0,0.0,1.2,0,0.0,0.0,0.0,0.0,0.0,0,30,140,6.0,48,3.45,2020
244,100000000.0,101.0,3.3,0.0,0,0,1.24,0,0,0,0.0,0,0.0,1.2,0,0.0,0.0,0.0,0.0,0.0,0,30,140,6.0,60,3.91,2020
245,100000000.0,101.0,3.3,0.0,0,0,1.24,0,0,0,0.0,0,0.0,1.2,0,0.0,0.0,0.0,0.0,0.0,0,30,140,6.0,72,3.55,2020
246,100000000.0,10.1,0.33,0.0,0,0,0.124,0,0,0,0.0,0,0.0,0.12,0,0.0,0.0,0.0,0.0,0.0,0,30,140,6.0,0,0.73,2020
247,100000000.0,101.0,3.3,0.0,0,0,1.24,0,0,0,0.0,0,0.0,1.2,0,0.0,0.0,0.0,0.0,0.0,0,30,140,6.0,12,1.64,2020
248,100000000.0,101.0,3.3,0.0,0,0,1.24,0,0,0,0.0,0,0.0,1.2,0,0.0,0.0,0.0,0.0,0.0,0,30,140,6.0,24,2.09,2020
249,100000000.0,101.0,3.3,0.0,0,0,1.24,0,0,0,0.0,0,0.0,1.2,0,0.0,0.0,0.0,0.0,0.0,0,30,140,6.0,36,3.82,2020
250,100000000.0,101.0,3.3,0.0,0,0,1.24,0,0,0,0.0,0,0.0,1.2,0,0.0,0.0,0.0,0.0,0.0,0,30,140,6.0,48,4.09,2020
251,100000000.0,101.0,3.3,0.0,0,0,1.24,0,0,0,0.0,0,0.0,1.2,0,0.0,0.0,0.0,0.0,0.0,0,30,140,6.0,60,4.36,2020
252,100000000.0,101.0,3.3,0.0,0,0,1.24,0,0,0,0.0,0,0.0,1.2,0,0.0,0.0,0.0,0.0,0.0,0,30,140,6.0,72,3.82,2020
253,100000000.0,10.1,0.33,0.0,0,0,0.124,0,0,0,0.0,0,0.0,0.12,0,0.0,0.0,0.0,0.0,0.0,0,30,140,6.0,0,0.82,2020
254,100000000.0,101.0,3.3,0.0,0,0,1.24,0,0,0,0.0,0,0.0,1.2,0,0.0,0.0,0.0,0.0,0.0,0,30,140,6.0,12,1.91,2020
255,100000000.0,101.0,3.3,0.0,0,0,1.24,0,0,0,0.0,0,0.0,1.2,0,0.0,0.0,0.0,0.0,0.0,0,30,140,6.0,24,2.45,2020
256,100000000.0,101.0,3.3,0.0,0,0,1.24,0,0,0,0.0,0,0.0,1.2,0,0.0,0.0,0.0,0.0,0.0,0,30,140,6.0,36,3.18,2020
257,100000000.0,101.0,3.3,0.0,0,0,1.24,0,0,0,0.0,0,0.0,1.2,0,0.0,0.0,0.0,0.0,0.0,0,30,140,6.0,48,3.64,2020
258,100000000.0,101.0,3.3,0.0,0,0,1.24,0,0,0,0.0,0,0.0,1.2,0,0.0,0.0,0.0,0.0,0.0,0,30,140,6.0,60,4.0,2020
259,100000000.0,101.0,3.3,0.0,0,0,1.24,0,0,0,0.0,0,0.0,1.2,0,0.0,0.0,0.0,0.0,0.0,0,30,140,6.0,72,4.55,2020
260,100000000.0,44.0,0.28,0.0,0,0,0.0,0,0,0,0.0,0,0.0,1.2,1,0.8,0.5,0.01,0.2,0.05,5,30,140,6.0,0,0.05,2019
261,,44.0,0.28,0.0,0,0,0.0,0,0,0,0.0,0,0.0,1.2,1,0.8,0.5,0.01,0.2,0.05,5,30,140,6.0,12,1.0,2019
262,,44.0,0.28,0.0,0,0,0.0,0,0,0,0.0,0,0.0,1.2,1,0.8,0.5,0.01,0.2,0.05,5,30,140,6.0,24,2.0,2019
263,,44.0,0.28,0.0,0,0,0.0,0,0,0,0.0,0,0.0,1.2,1,0.8,0.5,0.01,0.2,0.05,5,30,140,6.0,36,2.53,2019
264,,44.0,0.28,0.0,0,0,0.0,0,0,0,0.0,0,0.0,1.2,1,0.8,0.5,0.01,0.2,0.05,5,30,140,6.0,48,2.63,2019
265,,44.0,0.28,0.0,0,0,0.0,0,0,0,0.0,0,0.0,1.2,1,0.8,0.5,0.01,0.2,0.05,5,30,140,6.0,60,2.79,2019
266,,44.0,0.28,0.0,0,0,0.0,0,0,0,0.0,0,0.0,1.2,1,0.8,0.5,0.01,0.2,0.05,5,30,140,6.0,72,3.14,2019
267,10000000.0,112.96,0.28,0.0,0,0,2.0,0,0,0,0.0,0,0.0,1.223,1,0.8,0.5,0.01,0.2,0.05,5,30,140,6.0,0,0.05,2019
268,,112.96,0.28,0.0,0,0,2.0,0,0,0,0.0,0,0.0,1.223,1,0.8,0.5,0.01,0.2,0.05,5,30,140,6.0,12,1.21,2019
269,,112.96,0.28,0.0,0,0,2.0,0,0,0,0.0,0,0.0,1.223,1,0.8,0.5,0.01,0.2,0.05,5,30,140,6.0,24,2.58,2019
270,,112.96,0.28,0.0,0,0,2.0,0,0,0,0.0,0,0.0,1.223,1,0.8,0.5,0.01,0.2,0.05,5,30,140,6.0,36,3.32,2019
271,,112.96,0.28,0.0,0,0,2.0,0,0,0,0.0,0,0.0,1.223,1,0.8,0.5,0.01,0.2,0.05,5,30,140,6.0,48,3.68,2019
272,,112.96,0.28,0.0,0,0,2.0,0,0,0,0.0,0,0.0,1.223,1,0.8,0.5,0.01,0.2,0.05,5,30,140,6.0,60,4.36,2019
273,,112.96,0.28,0.0,0,0,2.0,0,0,0,0.0,0,0.0,1.223,1,0.8,0.5,0.01,0.2,0.05,5,30,140,6.0,72,4.83,2019
274,10000000.0,44.0,0.28,0.0,0,0,0.0,2,0,0,0.0,0,0.0,1.2,1,0.8,0.5,0.01,0.2,0.05,5,30,140,6.0,0,0.05,2019
275,,44.0,0.28,0.0,0,0,0.0,2,0,0,0.0,0,0.0,1.2,1,0.8,0.5,0.01,0.2,0.05,5,30,140,6.0,12,1.1,2019
276,,44.0,0.28,0.0,0,0,0.0,2,0,0,0.0,0,0.0,1.2,1,0.8,0.5,0.01,0.2,0.05,5,30,140,6.0,24,2.2,2019
277,,44.0,0.28,0.0,0,0,0.0,2,0,0,0.0,0,0.0,1.2,1,0.8,0.5,0.01,0.2,0.05,5,30,140,6.0,36,3.85,2019
278,,44.0,0.28,0.0,0,0,0.0,2,0,0,0.0,0,0.0,1.2,1,0.8,0.5,0.01,0.2,0.05,5,30,140,6.0,48,3.6,2019
279,,44.0,0.28,0.0,0,0,0.0,2,0,0,0.0,0,0.0,1.2,1,0.8,0.5,0.01,0.2,0.05,5,30,140,6.0,60,3.7,2019
280,,44.0,0.28,0.0,0,0,0.0,2,0,0,0.0,0,0.0,1.2,1,0.8,0.5,0.01,0.2,0.05,5,30,140,6.0,72,4.4,2019
281,10000000.0,44.0,0.28,0.0,0,0,0.0,0,2,0,0.0,0,0.0,1.2,1,0.8,0.5,0.01,0.2,0.05,5,30,140,6.0,0,0.05,2019
282,,44.0,0.28,0.0,0,0,0.0,0,2,0,0.0,0,0.0,1.2,1,0.8,0.5,0.01,0.2,0.05,5,30,140,6.0,12,1.15,2019
283,,44.0,0.28,0.0,0,0,0.0,0,2,0,0.0,0,0.0,1.2,1,0.8,0.5,0.01,0.2,0.05,5,30,140,6.0,24,2.13,2019
284,,44.0,0.28,0.0,0,0,0.0,0,2,0,0.0,0,0.0,1.2,1,0.8,0.5,0.01,0.2,0.05,5,30,140,6.0,36,2.58,2019
285,,44.0,0.28,0.0,0,0,0.0,0,2,0,0.0,0,0.0,1.2,1,0.8,0.5,0.01,0.2,0.05,5,30,140,6.0,48,3.25,2019
286,,44.0,0.28,0.0,0,0,0.0,0,2,0,0.0,0,0.0,1.2,1,0.8,0.5,0.01,0.2,0.05,5,30,140,6.0,60,3.88,2019
287,,44.0,0.28,0.0,0,0,0.0,0,2,0,0.0,0,0.0,1.2,1,0.8,0.5,0.01,0.2,0.05,5,30,140,6.0,72,4.75,2019
288,10000000.0,44.0,0.28,0.0,0,0,0.0,0,0,0,0.0,0,0.0,1.2,1,0.8,0.5,0.01,0.2,0.05,5,30,140,6.0,72,3.05,2019
289,10000000.0,44.0,0.28,0.0,0,0,0.012,0,0,0,0.0,0,0.0,1.2,1,0.8,0.5,0.01,0.2,0.05,5,30,140,6.0,72,3.82,2019
290,10000000.0,44.0,0.28,0.0,0,0,0.12,0,0,0,0.0,0,0.0,1.2,1,0.8,0.5,0.01,0.2,0.05,5,30,140,6.0,72,3.73,2019
291,10000000.0,44.0,0.28,0.0,0,0,1.2,0,0,0,0.0,0,0.0,1.2,1,0.8,0.5,0.01,0.2,0.05,5,30,140,6.0,72,4.55,2019
292,250000000.0,0.0,0.0,0.0,0,0,4.6,0,0,0,1.5,1,0.0,0.0,0,0.0,0.0,0.0,0.0,0.0,0,28,180,6.5,0,0.9,2017
293,250000000.0,0.0,0.0,0.0,0,0,4.9,0,0,0,1.5,1,0.0,0.0,0,0.0,0.0,0.0,0.0,0.0,0,28,180,6.5,12,2.73,2017
294,250000000.0,0.0,0.0,0.0,0,0,4.45,0,0,0,1.5,1,0.0,0.0,0,0.0,0.0,0.0,0.0,0.0,0,28,180,6.5,24,4.43,2017
295,250000000.0,0.0,0.0,0.0,0,0,4.175,0,0,0,1.5,1,0.0,0.0,0,0.0,0.0,0.0,0.0,0.0,0,28,180,6.5,36,6.59,2017
296,250000000.0,0.0,0.0,0.0,0,0,3.95,0,0,0,1.5,1,0.0,0.0,0,0.0,0.0,0.0,0.0,0.0,0,28,180,6.5,48,8.71,2017
297,250000000.0,0.0,0.0,0.0,0,0,3.4,0,0,0,1.5,1,0.0,0.0,0,0.0,0.0,0.0,0.0,0.0,0,28,180,6.5,60,9.09,2017
298,250000000.0,0.0,0.0,0.0,0,0,3.0,0,0,0,1.5,1,0.0,0.0,0,0.0,0.0,0.0,0.0,0.0,0,28,180,6.5,72,10.68,2017
299,250000000.0,0.0,0.0,0.0,0,0,2.23,0,0,0,1.5,1,0.0,0.0,0,0.0,0.0,0.0,0.0,0.0,0,28,180,6.5,96,13.86,2017
300,250000000.0,0.0,0.0,0.0,0,0,2.47,0,0,0,1.5,1,0.0,0.0,0,0.0,0.0,0.0,0.0,0.0,0,28,180,6.5,120,12.57,2017
301,250000000.0,0.0,0.0,0.0,5,0,4.6,0,0,0,1.5,1,0.0,0.0,0,0.0,0.0,0.0,0.0,0.0,0,28,180,6.5,0,1.0,2017
302,250000000.0,0.0,0.0,0.0,5,0,5.0,0,0,0,1.5,1,0.0,0.0,0,0.0,0.0,0.0,0.0,0.0,0,28,180,6.5,12,4.5,2017
303,250000000.0,0.0,0.0,0.0,5,0,4.11,0,0,0,1.5,1,0.0,0.0,0,0.0,0.0,0.0,0.0,0.0,0,28,180,6.5,24,7.5,2017
304,250000000.0,0.0,0.0,0.0,5,0,3.84,0,0,0,1.5,1,0.0,0.0,0,0.0,0.0,0.0,0.0,0.0,0,28,180,6.5,36,9.25,2017
305,250000000.0,0.0,0.0,0.0,5,0,3.65,0,0,0,1.5,1,0.0,0.0,0,0.0,0.0,0.0,0.0,0.0,0,28,180,6.5,48,14.25,2017
306,250000000.0,0.0,0.0,0.0,5,0,3.26,0,0,0,1.5,1,0.0,0.0,0,0.0,0.0,0.0,0.0,0.0,0,28,180,6.5,60,17.0,2017
307,250000000.0,0.0,0.0,0.0,5,0,2.9,0,0,0,1.5,1,0.0,0.0,0,0.0,0.0,0.0,0.0,0.0,0,28,180,6.5,72,19.0,2017
308,250000000.0,0.0,0.0,0.0,5,0,2.07,0,0,0,1.5,1,0.0,0.0,0,0.0,0.0,0.0,0.0,0.0,0,28,180,6.5,96,20.5,2017
309,250000000.0,0.0,0.0,0.0,5,0,1.3,0,0,0,1.5,1,0.0,0.0,0,0.0,0.0,0.0,0.0,0.0,0,28,180,6.5,120,22.0,2017
310,250000000.0,0.0,0.0,0.0,0,0,4.0,5,0,0,1.5,1,0.0,0.0,0,0.0,0.0,0.0,0.0,0.0,0,28,180,6.5,0,,2017
