,Plate ID,Strain,Media,Purpose,Inh/Add1,Inh/Add1 Lvl (% or g/l),SM AF or Add2,SM S# or Add2 Lvl,Add3,Add3 Lvl,Add4,Add4 Lvl,Add5,Add5 Lvl,Add6,Add6 Lvl,Add7,Add 7 Lvl,OD,Side product-1,Downstream intermediate -1,Target product,Downstream intermediate -2,Side product-2,Downstream intermediate -3,Downstream intermediate -4,Side product-3,ID
0,PF1875,Strain A,Media A,Media Development,,,,,,,,,,,,,0,0,133.6386834522,89.0198221896,39.8923655919,1479.8643473200002,298.156417634,1123.0451441730002,29.673712042700004,1221.59222608,494.966034938,PF1875A172
1,PF1876,Strain A,Media A,Media Development,,,,,,,,,,,Complexing agent 2,4.0,0,0,134.7598262952,89.40021835290001,34.9420058683,1463.793797738,302.40751688800003,1276.5872114430001,29.3923902814,1222.97096994,499.90236330700003,PF1876A272
2,PF1877,Strain A,Media A,Media Development,,,,,,,,,Trace metal 4,4.0,,,0,0,128.12627907179998,84.2538555058,33.2786062852,1464.197114,281.7670853304,1073.938726284,30.343514048699998,1192.9900319100002,478.814662749,PF1877A372
3,PF1878,Strain A,Media A,Media Development,,,,,,,,,Trace metal 4,4.0,Complexing agent 2,4.0,0,0,140.26949979900002,81.9313327846,32.622697636299996,1458.9069296960001,280.491546087,1054.918787491,31.126510823300002,1190.51116909,478.724824209,PF1878A472
4,PF1879,Strain A,Media A,Media Development,,,,,,,Trace metal 3,4.0,,,,,0,0,137.395875984,84.9975429628,33.8346817626,1441.709935277,252.94945616820002,1217.848016931,30.713506934500003,1208.94265562,490.27087331200005,PF1879A572
5,PF1880,Strain A,Media A,Media Development,,,,,,,Trace metal 3,4.0,,,Complexing agent 2,4.0,0,0,131.5093866512,84.4601251231,33.1170837517,1438.511753191,288.0898531092,1092.0057150320001,29.090225319900004,1208.26047401,467.519362762,PF1880A672
6,PF1881,Strain A,Media A,Media Development,,,,,,,Trace metal 3,4.0,Trace metal 4,4.0,,,0,0,133.7792625603,90.29310058600001,34.5144420728,1606.8961512550002,279.176881041,1211.645164847,32.2640407466,1195.5893325900001,505.596130331,PF1881A772
7,PF1882,Strain A,Media A,Media Development,,,,,,,Trace metal 3,4.0,Trace metal 4,4.0,Complexing agent 2,4.0,0,0,129.45842043910002,91.89981371500001,35.5717318686,1653.0029517330001,251.83299044340004,1253.0845904710002,31.9607687995,1199.83252018,485.995357315,PF1882A872
8,PF1883,Strain A,Media A,Media Development,,,,,Trace metal 2,4.0,,,,,,,0,0,141.5366055311,85.6308183455,29.443058166000004,1465.7714415,273.9868576056,1070.239753727,31.647590915000002,1160.9544599399999,493.074634267,PF1883A972
9,PF1884,Strain A,Media A,Media Development,,,,,Trace metal 2,4.0,,,,,Complexing agent 2,4.0,0,0,140.34298856860002,83.42974446410001,29.047304398200005,1457.501651879,236.1858108912,1201.706021058,32.2747319837,1157.02045611,496.642621909,PF1884A1072
10,PF1885,Strain A,Media A,Media Development,,,,,Trace metal 2,4.0,,,Trace metal 4,4.0,,,0,0,130.0799475961,87.71097098550001,29.7790532941,1478.4718066,272.9701579176,1033.758617582,31.3687196425,1152.8419814000001,479.93784419800005,PF1885A1172
11,PF1886,Strain A,Media A,Media Development,,,,,Trace metal 2,4.0,,,Trace metal 4,4.0,Complexing agent 2,4.0,0,0,131.0321446516,87.3854510959,29.392058480499998,1473.323125655,268.15549467600005,1033.158901544,31.2602838658,1145.90422139,474.456095955,PF1886A1272
12,PF1875,Strain A,Media A,Media Development,,,,,,,,,,,,,0,0,134.06684570890002,87.3683022694,33.3009274603,1463.627051096,295.015691349,1232.89646397,29.252032171600003,1213.8752151400001,485.457923378,PF1875B172
13,PF1876,Strain A,Media A,Media Development,,,,,,,,,,,Complexing agent 2,4.0,0,0,143.24501013050002,88.4827561207,33.5452126578,1466.333712964,299.957156404,1219.271366207,29.3936013359,1221.0232920100002,492.80112582300006,PF1876B272
14,PF1877,Strain A,Media A,Media Development,,,,,,,,,Trace metal 4,4.0,,,0,0,141.0677932858,85.9902401604,32.9206902181,1480.651070056,286.0508371338,1101.3746514170002,31.7055034227,1194.23845122,488.11275194,PF1877B372
15,PF1878,Strain A,Media A,Media Development,,,,,,,,,Trace metal 4,4.0,Complexing agent 2,4.0,0,0,135.8159347168,82.1208493031,32.4886056534,1466.3417356040002,246.3363387594,1070.054891987,30.9701820533,1187.48763953,465.592825182,PF1878B472
16,PF1879,Strain A,Media A,Media Development,,,,,,,Trace metal 3,4.0,,,,,0,0,132.7100793163,85.34588399750001,33.211524963500004,1454.569689657,288.9062591508,1098.8456025910002,30.7330539408,1206.88173015,483.357298556,PF1879B572
17,PF1880,Strain A,Media A,Media Development,,,,,,,Trace metal 3,4.0,,,Complexing agent 2,4.0,0,0,141.5192592887,86.2270698515,33.7648456351,1443.10388256,267.4260983268,1230.947169663,28.79347220419,1202.5720321000001,480.540361224,PF1880B672
18,PF1881,Strain A,Media A,Media Development,,,,,,,Trace metal 3,4.0,Trace metal 4,4.0,,,0,0,139.87626813420002,89.2693596153,33.887117720300004,1606.95529366,283.1119276986,1343.7875231130001,32.7616474202,1193.86365579,505.593335412,PF1881B772
19,PF1882,Strain A,Media A,Media Development,,,,,,,Trace metal 3,4.0,Trace metal 4,4.0,Complexing agent 2,4.0,0,0,151.0970446738,88.630104129,33.2583100175,1570.7307299810002,280.03841027100003,1152.016377182,31.8184238147,1187.4633722,495.95106485,PF1882B872
20,PF1883,Strain A,Media A,Media Development,,,,,Trace metal 2,4.0,,,,,,,0,0,142.5261249136,89.46529595090001,29.5545463896,1457.0766019500002,274.18619928600003,1043.318490776,30.816852525300003,1155.91134925,478.42017167999995,PF1883B972
21,PF1884,Strain A,Media A,Media Development,,,,,Trace metal 2,4.0,,,,,Complexing agent 2,4.0,0,0,135.6057493229,85.28005887210001,29.1364950002,1449.816842764,236.9018797164,1046.6963418500002,32.047547696500004,1153.44686707,483.57370955900006,PF1884B1072
22,PF1885,Strain A,Media A,Media Development,,,,,Trace metal 2,4.0,,,Trace metal 4,4.0,,,0,0,132.7184768182,88.3361996256,28.824186682020002,1463.435557095,269.947094688,1178.062801008,30.529721517200002,1147.9318916299999,470.918054782,PF1885B1172
23,PF1886,Strain A,Media A,Media Development,,,,,Trace metal 2,4.0,,,Trace metal 4,4.0,Complexing agent 2,4.0,0,0,133.75887415940002,84.0482015163,28.076991895010003,1431.0027491340002,261.8919391824,979.850999632,31.210754063200003,1138.46403777,453.57722015,PF1886B1272
24,PF1875,Strain A,Media A,Media Development,,,,,,,,,,,,,0,0,129.637421288,88.8380886145,32.7736717565,1467.372819978,271.54811110680004,1107.619162273,27.13072758179,1212.44164509,474.190573159,PF1875C172
25,PF1876,Strain A,Media A,Media Development,,,,,,,,,,,Complexing agent 2,4.0,0,0,132.955658887,87.1058812526,33.8311028444,1462.726155153,260.118521721,1121.172224763,29.4134700281,1217.5368856,487.79811735100003,PF1876C272
26,PF1877,Strain A,Media A,Media Development,,,,,,,,,Trace metal 4,4.0,,,0,0,135.2458542994,82.4089935452,32.8842417115,1483.421062806,282.2024193822,1102.163568819,32.0439050827,1189.40385981,479.03147315000007,PF1877C372
27,PF1878,Strain A,Media A,Media Development,,,,,,,,,Trace metal 4,4.0,Complexing agent 2,4.0,0,0,133.7579885767,81.4371387675,32.8399289658,1457.50953551,281.44046579580004,1068.276573259,30.211983299400003,1184.12167098,467.106105478,PF1878C472
28,PF1879,Strain A,Media A,Media Development,,,,,,,Trace metal 3,4.0,,,,,0,0,136.33896766819998,87.4843866334,33.4711147629,1461.8219972670001,291.730551764,1117.262353589,30.1052884009,1205.21267712,478.633388366,PF1879C572
29,PF1880,Strain A,Media A,Media Development,,,,,,,Trace metal 3,4.0,,,Complexing agent 2,4.0,0,0,121.403030988,76.64474531680001,30.2596417114,1329.062451757,264.2623345224,984.2217232109999,25.889095162240004,1175.6757413500002,428.335385329,PF1880C672
30,PF1881,Strain A,Media A,Media Development,,,,,,,Trace metal 3,4.0,Trace metal 4,4.0,,,0,0,140.2272743847,88.33716699530001,33.652085956,1590.4315608660002,248.6753192214,1185.721114314,33.1276192467,1187.1047549900002,481.60245240800003,PF1881C772
31,PF1882,Strain A,Media A,Media Development,,,,,,,Trace metal 3,4.0,Trace metal 4,4.0,Complexing agent 2,4.0,0,0,126.64264303750002,83.2819567712,32.1247090492,1527.921306215,276.00093207180004,1250.6379919,32.032542094,1181.71201499,484.39104057400004,PF1882C872
32,PF1883,Strain A,Media A,Media Development,,,,,Trace metal 2,4.0,,,,,,,0,0,132.3812887848,84.8807990141,29.2384001572,1462.398489843,273.3788369214,1047.582463535,31.047660496800003,1155.2848926200002,487.500651963,PF1883C972
33,PF1884,Strain A,Media A,Media Development,,,,,Trace metal 2,4.0,,,,,Complexing agent 2,4.0,0,0,143.8822509978,87.28286592190001,29.8200696769,1454.6159238770001,271.442633274,1067.953716042,30.7735009069,1153.78750848,482.999142301,PF1884C1072
34,PF1885,Strain A,Media A,Media Development,,,,,Trace metal 2,4.0,,,Trace metal 4,4.0,,,0,0,135.9625839809,83.6474466324,28.74429659999,1457.347937114,269.62209349560004,1008.7180851329999,31.102725140700002,1149.34029556,462.99389615600006,PF1885C1172
35,PF1886,Strain A,Media A,Media Development,,,,,Trace metal 2,4.0,,,Trace metal 4,4.0,Complexing agent 2,4.0,0,0,122.6399650334,84.0155307888,28.089824223289998,1449.1641721,266.044986054,1111.08033118,29.9196202064,1140.18072667,463.899069299,PF1886C1272
36,PF1875,Strain A,Media A,Media Development,,,,,,,,,,,,,0,0,137.8549029783,87.27248868330001,33.3012100156,1465.174681932,259.2596579958,1117.2762400390002,30.264323106800003,1211.51139744,475.481852614,PF1875D172
37,PF1876,Strain A,Media A,Media Development,,,,,,,,,,,Complexing agent 2,4.0,0,0,137.4779703355,85.23248187140001,34.342724284,1462.813632563,296.56977584400005,1116.965533249,28.32211113495,1216.4008150400002,490.728850167,PF1876D272
38,PF1877,Strain A,Media A,Media Development,,,,,,,,,Trace metal 4,4.0,,,0,0,137.30786184320002,81.04051719050001,31.8299186452,1462.641460235,283.1312526084,1064.500358227,30.340164741000002,1183.92573476,446.511918082,PF1877D372
39,PF1878,Strain A,Media A,Media Development,,,,,,,,,Trace metal 4,4.0,Complexing agent 2,4.0,0,0,128.7995953467,80.06822269930001,32.314015349099996,1468.373868582,287.3181894696,1071.732534675,36.2211273245,1184.49646641,472.788692826,PF1878D472
40,PF1879,Strain A,Media A,Media Development,,,,,,,Trace metal 3,4.0,,,,,0,0,130.06161470770002,85.4326394566,32.707697102500006,1463.39556672,290.295367938,1107.361397393,30.0227481802,1203.40341285,465.77649508600007,PF1879D572
41,PF1880,Strain A,Media A,Media Development,,,,,,,Trace metal 3,4.0,,,Complexing agent 2,4.0,0,0,135.9151341402,84.89078052500001,32.6032725302,1454.939801842,290.114399317,1087.010974272,30.057669784200005,1199.41638041,460.04279982200006,PF1880D672
42,PF1881,Strain A,Media A,Media Development,,,,,,,Trace metal 3,4.0,Trace metal 4,4.0,,,0,0,134.9186072302,83.96892115780001,32.336124629400004,1528.24085496,279.8634389202,1131.3682658540001,31.629236033700003,1181.9735628800001,481.23271679000004,PF1881D772
43,PF1882,Strain A,Media A,Media Development,,,,,,,Trace metal 3,4.0,Trace metal 4,4.0,Complexing agent 2,4.0,0,0,138.833970618,89.2456590432,33.9210704229,1620.472974458,284.6185090902,1360.6976067130001,31.424900722300002,1187.1434029600002,477.748179343,PF1882D872
44,PF1883,Strain A,Media A,Media Development,,,,,Trace metal 2,4.0,,,,,,,0,0,130.56339144900002,85.4705427603,29.544633718500002,1467.9720672580002,272.876770053,1060.436001814,32.232496830100004,1154.38070988,468.24845254,PF1883D972
45,PF1884,Strain A,Media A,Media Development,,,,,Trace metal 2,4.0,,,,,Complexing agent 2,4.0,0,0,130.8647402745,77.3800342315,25.86954859522,1328.7794921460002,253.31948535240002,938.625076515,27.563202782010002,1131.3725846700002,426.47113563000005,PF1884D1072
46,PF1885,Strain A,Media A,Media Development,,,,,Trace metal 2,4.0,,,Trace metal 4,4.0,,,0,0,135.013606212,86.7250014189,28.835771096740004,1470.511457371,270.2620050408,1227.636146949,31.694613498100004,1148.9951602,468.546716435,PF1885D1172
47,PF1886,Strain A,Media A,Media Development,,,,,Trace metal 2,4.0,,,Trace metal 4,4.0,Complexing agent 2,4.0,0,0,122.08059521610001,86.7412708184,29.518568779600002,1460.437526005,266.7334478652,1026.863184512,31.228389883600002,1142.09335179,463.784475308,PF1886D1272
48,PF1887,Strain A,Media A,Media Development,,,,,Trace metal 2,4.0,Trace metal 3,4.0,,,,,0,0,127.5822582179,91.14442987890001,29.7419690453,1481.2570880280002,271.7140387806,1056.756123198,32.3966879318,1147.83212594,481.893529162,PF1887E172
49,PF1888,Strain A,Media A,Media Development,,,,,Trace metal 2,4.0,Trace metal 3,4.0,,,Complexing agent 2,4.0,0,0,132.6158771942,87.34592083780001,29.3102847745,1481.493751573,238.03557602580003,1052.935645504,32.4832208031,1147.31532169,472.93363210600006,PF1888E272
50,PF1889,Strain A,Media A,Media Development,,,,,Trace metal 2,4.0,Trace metal 3,4.0,Trace metal 4,4.0,,,0,0,135.6853050984,93.47297668950002,31.3035576565,1621.4752906160002,259.764866352,1182.911735488,31.6094997902,1155.7522634200002,481.48466410000003,PF1889E372
51,PF1890,Strain A,Media A,Media Development,,,,,Trace metal 2,4.0,Trace metal 3,4.0,Trace metal 4,4.0,Complexing agent 2,4.0,0,0,127.72629466190001,94.5449542456,31.2073740348,1609.277807769,274.6777945284,1322.236800049,31.8049604318,1152.55976134,474.67210784900004,PF1890E472
52,PF1891,Strain A,Media A,Media Development,,,Trace metal 1,4.0,,,,,,,,,0,0,141.2577633898,83.50317661860001,32.426186393,1453.22522322,275.5573159158,1114.120570431,29.2584563815,1199.2528006300001,496.413034529,PF1891E572
53,PF1892,Strain A,Media A,Media Development,,,Trace metal 1,4.0,,,,,,,Complexing agent 2,4.0,0,0,130.9206516017,80.6201950703,32.2750474272,1453.110802629,237.48667243020003,1129.103925422,30.449858852600002,1196.82157368,500.741654854,PF1892E672
54,PF1893,Strain A,Media A,Media Development,,,Trace metal 1,4.0,,,,,Trace metal 4,4.0,,,0,0,135.98532146050002,88.0263335077,33.2875535807,1493.853683632,275.018693553,1085.480873598,31.2427994236,1170.29468562,504.721701875,PF1893E772
55,PF1894,Strain A,Media A,Media Development,,,Trace metal 1,4.0,,,,,Trace metal 4,4.0,Complexing agent 2,4.0,0,0,130.4532633172,85.4449514346,32.9765167527,1483.417213904,280.4467084884,1178.959337386,31.128365220699997,1169.13884168,511.657636561,PF1894E872
56,PF1895,Strain A,Media A,Media Development,,,Trace metal 1,4.0,,,Trace metal 3,4.0,,,,,0,0,136.644356049,84.393024843,32.579020603900005,1473.3455246,273.7171656378,1101.593361126,31.3561928797,1178.81072087,509.59254804600005,PF1895E972
57,PF1896,Strain A,Media A,Media Development,,,Trace metal 1,4.0,,,Trace metal 3,4.0,,,Complexing agent 2,4.0,0,0,132.66757313850002,84.69154632370001,34.994936305,1466.0810665630001,236.962424754,1082.632439312,29.688320270200002,1176.11255329,508.94610966700003,PF1896E1072
58,PF1897,Strain A,Media A,Media Development,,,Trace metal 1,4.0,,,Trace metal 3,4.0,Trace metal 4,4.0,,,0,0,149.9360814456,105.78381143440001,34.6219510843,2027.453637101,289.25496418100005,1630.3268259660001,36.87653872,1210.73034893,529.770683239,PF1897E1172
59,PF1898,Strain A,Media A,Media Development,,,Trace metal 1,4.0,,,Trace metal 3,4.0,Trace metal 4,4.0,Complexing agent 2,4.0,0,0,127.8725769538,101.5339365,35.1589075644,1913.357871986,280.138366701,1599.841982623,34.0970695155,1196.79730635,531.424111773,PF1898E1272
60,PF1887,Strain A,Media A,Media Development,,,,,Trace metal 2,4.0,Trace metal 3,4.0,,,,,0,0,130.9095831907,88.3154451484,29.4022537069,1481.487490388,259.8798638448,1244.136583742,31.266660766399998,1148.09547141,497.65560130000006,PF1887F172
61,PF1888,Strain A,Media A,Media Development,,,,,Trace metal 2,4.0,Trace metal 3,4.0,,,Complexing agent 2,4.0,0,0,139.8189538276,88.7800024467,28.63382083587,1475.272233557,277.1552860434,1166.1179498230001,30.7930668427,1145.02160961,459.95575649000006,PF1888F272
62,PF1889,Strain A,Media A,Media Development,,,,,Trace metal 2,4.0,Trace metal 3,4.0,Trace metal 4,4.0,,,0,0,140.18829192610002,96.7790066106,32.2147472593,1606.239230268,280.356366915,1272.2520712780001,33.5425059416,1153.1736349100001,497.33857119000004,PF1889F372
63,PF1890,Strain A,Media A,Media Development,,,,,Trace metal 2,4.0,Trace metal 3,4.0,Trace metal 4,4.0,Complexing agent 2,4.0,0,0,132.7703825187,93.31402027370001,31.047640960400003,1595.9806056490002,271.5123171852,1298.91817295,32.6684632428,1153.25722238,487.11334803500006,PF1890F472
64,PF1891,Strain A,Media A,Media Development,,,Trace metal 1,4.0,,,,,,,,,0,0,139.67867423910002,82.0029620993,31.927797512,1452.088452702,276.8110551378,1120.1047128060002,30.129225461700003,1198.9759733100002,503.780593316,PF1891F572
65,PF1892,Strain A,Media A,Media Development,,,Trace metal 1,4.0,,,,,,,Complexing agent 2,4.0,0,0,133.3346328813,82.1099004225,31.9638457825,1451.447963099,274.0599685944,1277.561858452,29.817088295100003,1197.44623273,506.674592209,PF1892F672
66,PF1893,Strain A,Media A,Media Development,,,Trace metal 1,4.0,,,,,Trace metal 4,4.0,,,0,0,127.9335314755,86.42678772320001,32.9808255982,1486.8302940780002,269.8569435078,1077.2835969670002,32.0872567011,1169.50105405,513.374151483,PF1893F772
67,PF1894,Strain A,Media A,Media Development,,,Trace metal 1,4.0,,,,,Trace metal 4,4.0,Complexing agent 2,4.0,0,0,131.7217156159,85.38981136170001,33.318727924,1477.770118357,277.9598877066,1052.139784877,30.6557931143,1167.09409443,507.043129922,PF1894F872
68,PF1895,Strain A,Media A,Media Development,,,Trace metal 1,4.0,,,Trace metal 3,4.0,,,,,0,0,127.4545741742,84.2093125427,32.596632697400004,1467.837258006,235.24983792000003,1201.041212683,30.8379133136,1178.24358438,518.453023611,PF1895F972
69,PF1896,Strain A,Media A,Media Development,,,Trace metal 1,4.0,,,Trace metal 3,4.0,,,Complexing agent 2,4.0,0,0,131.6576910472,83.99262172990001,33.3643121252,1491.7386336640002,270.3252155832,1225.253772559,31.0796774774,1179.66547016,508.345189655,PF1896F1072
70,PF1897,Strain A,Media A,Media Development,,,Trace metal 1,4.0,,,Trace metal 3,4.0,Trace metal 4,4.0,,,0,0,154.6448941022,103.6982942897,34.1303198036,1971.730928352,291.332629976,1600.0146939360002,36.516518010400006,1204.33455929,526.193112935,PF1897F1172
71,PF1898,Strain A,Media A,Media Development,,,Trace metal 1,4.0,,,Trace metal 3,4.0,Trace metal 4,4.0,Complexing agent 2,4.0,0,0,158.69830614300002,103.5585093536,33.277005167400006,1938.7975108340001,287.33313533579997,1646.8559035260002,55.9774857158,1196.33263192,518.447034375,PF1898F1272
72,PF1887,Strain A,Media A,Media Development,,,,,Trace metal 2,4.0,Trace metal 3,4.0,,,,,0,0,133.12560585720001,87.70784903410001,29.6686010777,1483.9318599020003,273.36189192660004,1190.2628137610002,31.9873550077,1147.6083272300002,500.735665618,PF1887G172
73,PF1888,Strain A,Media A,Media Development,,,,,Trace metal 2,4.0,Trace metal 3,4.0,,,Complexing agent 2,4.0,0,0,136.67539785690002,86.6849874904,28.781757586300003,1470.9170151170001,274.3853505732,1019.3550171100001,31.677526402,1144.6944500500001,471.354869612,PF1888G272
74,PF1889,Strain A,Media A,Media Development,,,,,Trace metal 2,4.0,Trace metal 3,4.0,Trace metal 4,4.0,,,0,0,136.8194285787,97.4869453456,31.5493262043,1625.832720195,281.000847897,1365.1342904960002,33.5157210459,1158.05676098,501.88839413799997,PF1889G372
75,PF1890,Strain A,Media A,Media Development,,,,,Trace metal 2,4.0,Trace metal 3,4.0,Trace metal 4,4.0,Complexing agent 2,4.0,0,0,134.2216266527,95.1822749925,32.0172235623,1596.2407651830001,274.3812571194,1276.765998114,31.045153248400002,1153.21138409,499.047100464,PF1890G472
76,PF1891,Strain A,Media A,Media Development,,,Trace metal 1,4.0,,,,,,,,,0,0,147.8774672531,84.4455266349,32.0572980941,1448.8752914570002,282.12892760700004,1248.108075496,29.198159623800002,1200.95780526,510.678995283,PF1891G572
77,PF1892,Strain A,Media A,Media Development,,,Trace metal 1,4.0,,,,,,,Complexing agent 2,4.0,0,0,125.57641036790001,81.7999463908,33.1017084893,1444.1619407490002,269.52584973300003,1077.489288382,29.349776653400003,1197.53341536,499.317813989,PF1892G672
78,PF1893,Strain A,Media A,Media Development,,,Trace metal 1,4.0,,,,,Trace metal 4,4.0,,,0,0,128.9936790767,87.0755410211,33.8095115677,1476.486588726,246.34414488060003,1198.848907813,28.80725729322,1170.0178583,522.464214717,PF1893G772
79,PF1894,Strain A,Media A,Media Development,,,Trace metal 1,4.0,,,,,Trace metal 4,4.0,Complexing agent 2,4.0,0,0,133.10173413930002,87.2689709753,32.381026010300005,1463.710555912,266.98133981160004,1177.066456457,31.122906068500004,1165.34235272,522.925784998,PF1894G872
80,PF1895,Strain A,Media A,Media Development,,,Trace metal 1,4.0,,,Trace metal 3,4.0,,,,,0,0,136.1232413929,87.23959811350001,32.8047989928,1462.1021743860001,233.36351729100002,1201.349315872,28.690788911800002,1177.94338852,528.8407546450001,PF1895G972
81,PF1896,Strain A,Media A,Media Development,,,Trace metal 1,4.0,,,Trace metal 3,4.0,,,Complexing agent 2,4.0,0,0,138.72131893820003,84.65030119740001,32.7211886918,1468.200181894,233.2179616896,1206.1001779130002,27.56230396022,1177.1362751,522.87028486,PF1896G1072
82,PF1897,Strain A,Media A,Media Development,,,Trace metal 1,4.0,,,Trace metal 3,4.0,Trace metal 4,4.0,,,0,0,150.94496741170002,101.9043951093,34.318378201499996,1981.5908271850003,285.7462080138,1628.1466715230001,35.6525988949,1204.88102361,539.9060678540001,PF1897G1172
83,PF1898,Strain A,Media A,Media Development,,,Trace metal 1,4.0,,,Trace metal 3,4.0,Trace metal 4,4.0,Complexing agent 2,4.0,0,0,151.08814026590002,103.60999981890001,33.003029063599996,1932.4344747200003,256.0878024804,1559.9560906600002,31.442460853600004,1195.49585843,530.156390153,PF1898G1272
84,PF1887,Strain A,Media A,Media Development,,,,,Trace metal 2,4.0,Trace metal 3,4.0,,,,,0,0,144.8767056911,88.8066051279,30.6561960381,1499.002194356,277.6729651542,1081.8348429510002,32.056895430400004,1147.99121177,491.475109146,PF1887H172
85,PF1888,Strain A,Media A,Media Development,,,,,Trace metal 2,4.0,Trace metal 3,4.0,,,Complexing agent 2,4.0,0,0,134.37278136900002,89.8890038795,29.3700669388,1492.43947138,279.2771230608,1049.8485397010002,31.5077626289,1148.82888405,486.25608878,PF1888H272
86,PF1889,Strain A,Media A,Media Development,,,,,Trace metal 2,4.0,Trace metal 3,4.0,Trace metal 4,4.0,,,0,0,148.2637200303,96.36316956810002,32.0815735739,1649.0944868330002,284.3035987374,1363.351632433,31.7397343456,1160.0017425400001,497.894372233,PF1889H372
87,PF1890,Strain A,Media A,Media Development,,,,,Trace metal 2,4.0,Trace metal 3,4.0,Trace metal 4,4.0,Complexing agent 2,4.0,0,0,155.5235715807,94.05885095690002,32.145711690700004,1589.147783851,275.9902700526,1170.257813266,29.942071836100002,1151.44346416,490.294830256,PF1890H472
88,PF1891,Strain A,Media A,Media Development,,,Trace metal 1,4.0,,,,,,,,,0,0,138.05202493640002,84.51979423060001,32.923609869500005,1442.34328369,278.7882885198,1105.323577762,28.1645429451,1203.5517132000002,514.7329095480001,PF1891H572
89,PF1892,Strain A,Media A,Media Development,,,Trace metal 1,4.0,,,,,,,Complexing agent 2,4.0,0,0,140.12601092330002,83.4257430857,33.1094549898,1422.3890639630001,267.779468106,1094.8185656150001,29.163540776199998,1196.47733711,513.235999946,PF1892H672
90,PF1893,Strain A,Media A,Media Development,,,Trace metal 1,4.0,,,,,Trace metal 4,4.0,,,0,0,129.3454142719,83.9966670941,33.6038646298,1465.847247356,235.0128935826,1057.4461002940002,30.0016684624,1171.09550751,527.9807001820001,PF1893H772
91,PF1894,Strain A,Media A,Media Development,,,Trace metal 1,4.0,,,,,Trace metal 4,4.0,Complexing agent 2,4.0,0,0,137.2537905501,85.6310381878,32.963448953000004,1465.482143252,273.568849335,1222.573709962,29.803728981100004,1168.4908140900002,531.81421062,PF1894H872
92,PF1895,Strain A,Media A,Media Development,,,Trace metal 1,4.0,,,Trace metal 3,4.0,,,,,0,0,137.9249175633,87.4510123643,32.9772231265,1466.0260360500001,270.1542424896,1079.536654839,30.600756821300003,1177.90833571,523.6971988260001,PF1895H972
93,PF1896,Strain A,Media A,Media Development,,,Trace metal 1,4.0,,,Trace metal 3,4.0,,,Complexing agent 2,4.0,0,0,124.6190038562,84.78375425910001,32.6246048051,1473.498590271,261.6024463218,1081.568399112,30.1747626137,1176.50442573,523.7586882,PF1896H1072
94,PF1897,Strain A,Media A,Media Development,,,Trace metal 1,4.0,,,Trace metal 3,4.0,Trace metal 4,4.0,,,0,0,145.4345510045,106.1480700978,34.8101742989,2046.5931230560002,290.048808744,1554.999537204,36.629438402400005,1213.25954399,536.165590273,PF1897H1172
95,Media B plate control,Strain B,Media B plate control,Media Development,0,0.0,0,0.0,0,0.0,0,0.0,0,0.0,0,0.0,0,0,0.0,120.0942872919,74.5377728699,0.0,560.164877397,2351.154294243,22.69017894977,2263.68530368,267.608287915,Media B plate controlMedia B plate controlA72
96,PF1899,Strain A,Media A,Media Development,,,Trace metal 1,4.0,Trace metal 2,4.0,,,,,,,0,0,146.2480163266,92.6967504624,34.8203695253,1475.98163521,261.56170217700003,991.361902867,32.0100715637,1146.08847334,572.491903627,PF1899A172
97,PF1900,Strain A,Media A,Media Development,,,Trace metal 1,4.0,Trace metal 2,4.0,,,,,Complexing agent 2,4.0,0,0,148.9088564932,91.23918815260001,31.5373885969,1464.836954798,237.4299352566,991.167494301,28.311400962569998,1149.05358155,561.986384574,PF1900A272
98,PF1901,Strain A,Media A,Media Development,,,Trace metal 1,4.0,Trace metal 2,4.0,,,Trace metal 4,4.0,,,0,0,145.67768945,94.3874928268,31.427148304200003,1466.10678843,266.353423038,1115.928397793,31.209987693,1147.34498176,578.8620552100001,PF1901A372
99,PF1902,Strain A,Media A,Media Development,,,Trace metal 1,4.0,Trace metal 2,4.0,,,Trace metal 4,4.0,Complexing agent 2,4.0,0,0,153.8029721928,91.75228982130001,31.210576241500004,1440.9533555300002,255.72881610180002,1070.923655754,29.086724634,1142.94270834,556.5309890850001,PF1902A472
100,PF1903,Strain A,Media A,Media Development,,,Trace metal 1,4.0,Trace metal 2,4.0,Trace metal 3,4.0,,,,,0,0,225.0247879338,111.42159808910002,36.0722162886,2064.01322403,296.737702762,1584.096615263,40.0576298662,1224.85213741,514.470581069,PF1903A572
101,PF1904,Strain A,Media A,Media Development,,,Trace metal 1,4.0,Trace metal 2,4.0,Trace metal 3,4.0,,,Complexing agent 2,4.0,0,0,218.7809931909,114.60239760540001,36.9134049472,2098.816434267,257.0775615306,1633.2577105070002,36.7036243267,1217.4443102300002,525.9184065860001,PF1904A672
102,PF1905,Strain A,Media A,Media Development,,,Trace metal 1,4.0,Trace metal 2,4.0,Trace metal 3,4.0,Trace metal 4,4.0,,,0,0,228.4179635218,106.5526944605,35.185749508700006,1998.0655276610003,296.522939059,1478.685450717,39.1800108213,1224.10434413,520.9281753820001,PF1905A772
103,PF1906,Strain A,Media A,Media Development,,,Trace metal 1,4.0,Trace metal 2,4.0,Trace metal 3,4.0,Trace metal 4,4.0,Complexing agent 2,4.0,0,0,224.38461397660004,106.42508960280001,35.2610953056,2005.577701181,292.800180935,1444.835774883,40.6602094607,1219.92676821,515.856090997,PF1906A872
104,PF1907,Strain A,Media A,Media Development,Trace metal mix,4.0,,,,,,,,,,,0,0,171.89588363389998,85.8324269708,27.97605208182,1379.860234921,262.498912704,1011.6524411420002,27.39491496081,1200.4499889100002,506.500504967,PF1907A972
105,PF1908,Strain A,Media A,Media Development,Trace metal mix,4.0,,,,,,,,,Complexing agent 2,4.0,0,0,170.7165642528,82.0937189657,26.93872890876,1368.009692239,262.454170302,1126.987127293,25.35030353503,1190.64419001,503.123773768,PF1908A1072
106,PF1909,Strain A,Media A,Media Development,Trace metal mix,4.0,,,,,,,Trace metal 4,4.0,,,0,0,164.349928586,83.6318367887,26.067237111809998,1382.621092959,259.7256453528,1134.356431351,27.433441299380004,1171.05775833,512.1032355460001,PF1909A1172
107,PF1910,Strain A,Media A,Media Development,Trace metal mix,4.0,,,,,,,Trace metal 4,4.0,Complexing agent 2,4.0,0,0,158.621665077,82.1303910716,26.319833877060002,1385.222562006,257.3166953898,978.391198497,28.51816782171,1168.6786612,485.54456760100004,PF1910A1272
108,PF1899,Strain A,Media A,Media Development,,,Trace metal 1,4.0,Trace metal 2,4.0,,,,,,,0,0,161.8569872177,94.48387802600001,31.3091379575,1453.070225295,260.7713800038,1089.925368762,29.262051657100002,1142.31355534,558.0810033040001,PF1899B172
109,PF1900,Strain A,Media A,Media Development,,,Trace metal 1,4.0,Trace metal 2,4.0,,,,,Complexing agent 2,4.0,0,0,159.1104966991,91.9954513868,30.889508974900004,1448.571942896,265.7718670086,943.8272444240001,30.1717823012,1143.5718613400002,543.4884294889999,PF1900B272
110,PF1901,Strain A,Media A,Media Development,,,Trace metal 1,4.0,Trace metal 2,4.0,,,Trace metal 4,4.0,,,0,0,160.948343965,93.19626499840001,30.7815996984,1454.062710829,267.357271185,1120.274820229,29.790483186300005,1141.7607994900002,546.346492966,PF1901B372
111,PF1902,Strain A,Media A,Media Development,,,Trace metal 1,4.0,Trace metal 2,4.0,,,Trace metal 4,4.0,Complexing agent 2,4.0,0,0,163.00012665990002,92.0473375798,31.530395577200004,1460.945879606,268.5041046252,1029.849614564,29.964759983400004,1143.75161934,555.554344219,PF1902B472
112,PF1903,Strain A,Media A,Media Development,,,Trace metal 1,4.0,Trace metal 2,4.0,Trace metal 3,4.0,,,,,0,0,235.0979859623,115.4460319265,36.5064905774,2135.0098969220003,302.18437623100004,1603.521861239,42.9403216631,1226.19313209,515.3537936800001,PF1903B572
113,PF1904,Strain A,Media A,Media Development,,,Trace metal 1,4.0,Trace metal 2,4.0,Trace metal 3,4.0,,,Complexing agent 2,4.0,0,0,244.2909532529,116.35003889670001,36.1218974116,2117.279444917,283.0050219168,1666.554536566,39.1489115891,1210.88943476,447.315673322,PF1904B672
114,PF1905,Strain A,Media A,Media Development,,,Trace metal 1,4.0,Trace metal 2,4.0,Trace metal 3,4.0,Trace metal 4,4.0,,,0,0,184.9281757824,106.71697142410001,35.4681314087,1998.5888916330002,295.658649301,1416.464257912,39.702122209500004,1217.54137955,491.128531965,PF1905B772
115,PF1906,Strain A,Media A,Media Development,,,Trace metal 1,4.0,Trace metal 2,4.0,Trace metal 3,4.0,Trace metal 4,4.0,Complexing agent 2,4.0,0,0,196.6364446603,106.0643926332,35.4907115856,2010.0494582930003,300.84134236700004,1444.579745448,38.653301240800005,1214.88635389,459.79764054400005,PF1906B872
116,PF1907,Strain A,Media A,Media Development,Trace metal mix,4.0,,,,,,,,,,,0,0,249.65590200140002,83.9980741773,27.65559701548,1378.709242424,271.2392933364,1141.3950671,26.03696553804,1195.42036007,508.688572519,PF1907B972
117,PF1908,Strain A,Media A,Media Development,Trace metal mix,4.0,,,,,,,,,Complexing agent 2,4.0,0,0,179.5346165541,82.2608980384,27.78999506961,1365.574490383,260.65781046,994.142641215,26.4849667026,1189.81011289,498.4944937380001,PF1908B1072
118,PF1909,Strain A,Media A,Media Development,Trace metal mix,4.0,,,,,,,Trace metal 4,4.0,,,0,0,196.4493471007,84.25302006460001,26.72399340638,1379.565697392,264.8824451748,1094.3472982280002,26.528072303970003,1170.80519834,507.12897563800004,PF1909B1172
119,PF1910,Strain A,Media A,Media Development,Trace metal mix,4.0,,,,,,,Trace metal 4,4.0,Complexing agent 2,4.0,0,0,167.62747261520002,79.2916447014,25.158449148139997,1364.614776004,249.4651654116,936.1619878930001,27.72517992985,1163.8144097200002,482.36787671100006,PF1910B1272
120,PF1899,Strain A,Media A,Media Development,,,Trace metal 1,4.0,Trace metal 2,4.0,,,,,,,0,0,118.0962966294,92.7896619105,30.117167543600004,1433.490107109,257.0758479918,1079.0983672650002,29.268967860600004,1139.7151534500001,549.131487706,PF1899C172
121,PF1900,Strain A,Media A,Media Development,,,Trace metal 1,4.0,Trace metal 2,4.0,,,,,Complexing agent 2,4.0,0,0,143.0328089327,92.5876575286,30.1624221114,1453.6812525040002,270.79539159060005,1053.09099861,29.8562012372,1143.1638106799999,558.291425071,PF1900C272
122,PF1901,Strain A,Media A,Media Development,,,Trace metal 1,4.0,Trace metal 2,4.0,,,Trace metal 4,4.0,,,0,0,147.65053228620002,91.7757705222,31.2341924256,1460.174662009,268.9416281988,1098.083590222,30.4528864455,1142.58229355,556.686309823,PF1901C372
123,PF1902,Strain A,Media A,Media Development,,,Trace metal 1,4.0,Trace metal 2,4.0,,,Trace metal 4,4.0,Complexing agent 2,4.0,0,0,142.480829828,91.7126276636,31.716758672200005,1465.61407811,270.326929122,1113.7300172760001,32.0934349142,1143.49186903,555.70367601,PF1902C472
124,PF1903,Strain A,Media A,Media Development,,,Trace metal 1,4.0,Trace metal 2,4.0,Trace metal 3,4.0,,,,,0,0,182.9892684533,114.35206869539999,37.124820527400004,2125.299493454,274.271400243,1626.9941057100002,39.502536468600006,1224.5402572799999,495.34375620400004,PF1903C572
125,PF1904,Strain A,Media A,Media Development,,,Trace metal 1,4.0,Trace metal 2,4.0,Trace metal 3,4.0,,,Complexing agent 2,4.0,0,0,166.5430195938,106.3843721327,32.6443830692,1947.352238271,272.2286716002,1519.079061637,32.5548427194,1185.44379107,448.3981280240001,PF1904C672
126,PF1905,Strain A,Media A,Media Development,,,Trace metal 1,4.0,Trace metal 2,4.0,Trace metal 3,4.0,Trace metal 4,4.0,,,0,0,194.0449335129,102.40395363110001,33.4128159778,1945.191199733,290.501563658,1374.812197937,38.063929611,1205.4930996,421.35792538900006,PF1905C772
127,PF1906,Strain A,Media A,Media Development,,,Trace metal 1,4.0,Trace metal 2,4.0,Trace metal 3,4.0,Trace metal 4,4.0,Complexing agent 2,4.0,0,0,221.22660005840004,107.77852775580001,37.1230546218,2065.878673079,295.070524475,1518.650321178,40.5297573172,1215.65392055,502.53842565400004,PF1906C872
128,PF1907,Strain A,Media A,Media Development,Trace metal mix,4.0,,,,,,,,,,,0,0,203.3360787564,86.32209192440001,27.93548308258,1388.125587814,269.2304546832,1183.0210901980001,26.669717157370002,1193.69737964,499.05548551000004,PF1907C972
129,PF1908,Strain A,Media A,Media Development,Trace metal mix,4.0,,,,,,,,,Complexing agent 2,4.0,0,0,195.55104354550002,82.8491028018,27.026412572279998,1369.004759121,268.77627170460005,1111.360661469,26.877922126750004,1188.0574723900002,499.11018714100004,PF1908C1072
130,PF1909,Strain A,Media A,Media Development,Trace metal mix,4.0,,,,,,,Trace metal 4,4.0,,,0,0,187.91624879940002,81.7124873612,25.859541730350003,1372.615192193,260.2302825294,967.374128058,27.21810252106,1168.93301877,490.13751310600003,PF1909C1172
131,PF1910,Strain A,Media A,Media Development,Trace metal mix,4.0,,,,,,,Trace metal 4,4.0,Complexing agent 2,4.0,0,0,178.6349724724,81.5458359447,25.5633385932,1367.349246319,258.7322688318,1084.011525926,26.518866474850004,1163.4414118700001,488.393447525,PF1910C1272
132,PF1899,Strain A,Media A,Media Development,,,Trace metal 1,4.0,Trace metal 2,4.0,,,,,,,0,0,141.40491175690002,92.6950795511,30.6558192977,1450.098952426,261.5496122088,1079.419488748,29.5416703992,1141.29972022,547.1238957410001,PF1899D172
133,PF1900,Strain A,Media A,Media Development,,,Trace metal 1,4.0,Trace metal 2,4.0,,,,,Complexing agent 2,4.0,0,0,152.8413772619,91.83570348670001,30.966691337900002,1456.426481711,262.036257228,1082.142078273,31.7144632608,1144.13899783,556.92667777,PF1900D272
134,PF1901,Strain A,Media A,Media Development,,,Trace metal 1,4.0,Trace metal 2,4.0,,,Trace metal 4,4.0,,,0,0,156.1042349469,90.72001840870001,31.403885278100002,1456.8273559230001,262.7285269032,1161.305466913,30.5845875025,1141.16310414,552.312969638,PF1901D372
135,PF1902,Strain A,Media A,Media Development,,,Trace metal 1,4.0,Trace metal 2,4.0,,,Trace metal 4,4.0,Complexing agent 2,4.0,0,0,157.2936065572,91.2577440623,31.084607499500002,1458.679108684,249.35902120260002,1066.478293012,28.71056299118,1142.27670495,540.713416809,PF1902D472
136,PF1903,Strain A,Media A,Media Development,,,Trace metal 1,4.0,Trace metal 2,4.0,Trace metal 3,4.0,,,,,0,0,217.6970328278,112.666602893,36.3815107645,2135.8261294480003,301.534468985,1623.5034284580001,40.742229308000006,1219.78026544,482.88534681699997,PF1903D572
137,PF1904,Strain A,Media A,Media Development,,,Trace metal 1,4.0,Trace metal 2,4.0,Trace metal 3,4.0,,,Complexing agent 2,4.0,0,0,235.49963848020002,117.6218222672,36.8566130659,2144.7378146570004,298.541963864,1712.736145561,38.4329290593,1210.6881058000001,501.541417559,PF1904D672
138,PF1905,Strain A,Media A,Media Development,,,Trace metal 1,4.0,Trace metal 2,4.0,Trace metal 3,4.0,Trace metal 4,4.0,,,0,0,200.6097971697,106.0358552126,35.1396944109,2063.362501226,305.562141761,1468.2602852240002,41.40414060250001,1218.20378778,494.815505531,PF1905D772
139,PF1906,Strain A,Media A,Media Development,,,Trace metal 1,4.0,Trace metal 2,4.0,Trace metal 3,4.0,Trace metal 4,4.0,Complexing agent 2,4.0,0,0,219.8493096661,110.1689862272,35.4911589576,2068.8554646919997,294.798833552,1528.567767425,41.4048880432,1213.76376518,452.443657243,PF1906D872
140,PF1907,Strain A,Media A,Media Development,Trace metal mix,4.0,,,,,,,,,,,0,0,201.91641298770003,83.4205104806,28.84427104625,1416.700726671,279.656195922,1032.899400641,28.29266762421,1196.9725704000002,494.547187816,PF1907D972
141,PF1908,Strain A,Media A,Media Development,Trace metal mix,4.0,,,,,,,,,Complexing agent 2,4.0,0,0,200.93655374809998,81.1224797869,26.59063135367,1343.661424032,264.70833059340004,1096.256669208,25.52388967704,1181.51068603,496.016547048,PF1908D1072
142,PF1909,Strain A,Media A,Media Development,Trace metal mix,4.0,,,,,,,Trace metal 4,4.0,,,0,0,194.6985466926,81.7928230321,26.39499130087,1368.646147113,236.21160916980003,979.324186734,24.84724717109,1166.12789518,484.996752206,PF1909D1172
143,PF1910,Strain A,Media A,Media Development,Trace metal mix,4.0,,,,,,,Trace metal 4,4.0,Complexing agent 2,4.0,0,0,207.27394677650003,80.7851315897,24.74319966287,1351.13637493,254.5930254672,1099.209251002,26.856643704110002,1160.12038282,482.843422165,PF1910D1272
144,PF1911,Strain A,Media A,Media Development,Trace metal mix,4.0,,,,,Trace metal 3,4.0,,,,,0,0,138.2183208251,84.557477692,26.67228735575,1406.020514343,269.7686962596,1133.025079156,27.27137900058,1190.5102703,511.43244111399997,PF1911E172
145,PF1912,Strain A,Media A,Media Development,Trace metal mix,4.0,,,,,Trace metal 3,4.0,,,Complexing agent 2,4.0,0,0,143.8422758531,83.4220934492,26.41933741227,1376.258134008,261.2269909314,987.362638502,25.93964679081,1186.64367572,486.38266124300003,PF1912E272
146,PF1913,Strain A,Media A,Media Development,Trace metal mix,4.0,,,,,Trace metal 3,4.0,Trace metal 4,4.0,,,0,0,157.4589746114,81.8130058673,27.12824711791,1397.535255281,220.8458307672,990.664982546,26.442154401550003,1170.1940211400001,548.872752653,PF1913E372
147,PF1914,Strain A,Media A,Media Development,Trace metal mix,4.0,,,,,Trace metal 3,4.0,Trace metal 4,4.0,Complexing agent 2,4.0,0,0,168.62221234920003,82.2628327778,27.421624788760003,1396.8879949860002,267.57746092080004,978.7314139210001,27.14687799132,1167.4769789700001,478.44253161000006,PF1914E472
148,PF1915,Strain A,Media A,Media Development,Trace metal mix,4.0,,,Trace metal 2,4.0,,,,,,,0,0,161.10975006040002,82.6751081554,26.809605061280003,1410.8312199030001,267.78146723460003,1162.636819108,29.2353897598,1164.58107759,518.349210187,PF1915E572
149,PF1916,Strain A,Media A,Media Development,Trace metal mix,4.0,,,Trace metal 2,4.0,,,,,Complexing agent 2,4.0,0,0,140.2600029411,83.04838096,26.471420188850004,1414.411571543,264.3748569036,1107.955038073,29.298458663300003,1163.27243935,516.287315989,PF1916E672
150,PF1917,Strain A,Media A,Media Development,Trace metal mix,4.0,,,Trace metal 2,4.0,,,Trace metal 4,4.0,,,0,0,168.8292207661,85.03535832380001,26.698046200300002,1424.030278201,261.7358167584,996.982396831,28.72479275873,1153.0819583300001,510.925751864,PF1917E772
151,PF1918,Strain A,Media A,Media Development,Trace metal mix,4.0,,,Trace metal 2,4.0,,,Trace metal 4,4.0,Complexing agent 2,4.0,0,0,180.4179938373,84.11130038910001,26.28644627061,1424.7073112760002,257.90034574440006,1100.562300739,29.6207383138,1150.99586674,503.7374707590001,PF1918E872
152,PF1919,Strain A,Media A,Media Development,Trace metal mix,4.0,,,Trace metal 2,4.0,Trace metal 3,4.0,,,,,0,0,175.4746967535,83.055724161,25.615327187570003,1404.879739441,255.6203871744,990.277032992,29.628373578199998,1154.6063061700002,491.24312595600003,PF1919E972
153,PF1920,Strain A,Media A,Media Development,Trace metal mix,4.0,,,Trace metal 2,4.0,Trace metal 3,4.0,,,Complexing agent 2,4.0,0,0,166.6576749973,81.35856197950001,25.00778111362,1375.770493904,250.3598230584,954.136111982,27.860031583930002,1147.7638179,489.039087108,PF1920E1072
154,PF1921,Strain A,Media A,Media Development,Trace metal mix,4.0,Trace metal 1,4.0,Trace metal 2,4.0,Trace metal 3,4.0,Trace metal 4,4.0,,,0,0,170.85228056020003,85.0672815239,25.692580170610004,1384.666968465,253.9411191504,991.706457626,28.18837591388,1127.10512975,508.55361501000004,PF1921E1172
155,PF1922,Strain A,Media A,Media Development,Trace metal mix,4.0,Trace metal 1,4.0,Trace metal 2,4.0,Trace metal 3,4.0,Trace metal 4,4.0,Complexing agent 2,4.0,0,0,168.0356052934,80.5100468241,23.925062100890003,1341.4793633450001,247.0002398478,959.309639413,25.85043636341,1119.03938829,492.870601134,PF1922E1272
156,PF1911,Strain A,Media A,Media Development,Trace metal mix,4.0,,,,,Trace metal 3,4.0,,,,,0,0,174.23697287110002,82.4595166408,26.710431162360003,1386.7088713770002,260.98604833679997,996.9424735040001,26.62878765086,1186.07474165,505.88241575399996,PF1911F172
157,PF1912,Strain A,Media A,Media Development,Trace metal mix,4.0,,,,,Trace metal 3,4.0,,,Complexing agent 2,4.0,0,0,146.8121647878,81.0164648765,26.83225589001,1356.2742969829999,256.5009557244,987.20641724,26.310462817970002,1180.66582343,478.051633967,PF1912F272
158,PF1913,Strain A,Media A,Media Development,Trace metal mix,4.0,,,,,Trace metal 3,4.0,Trace metal 4,4.0,,,0,0,162.10043099170002,78.5596096666,25.82379957443,1358.439585844,257.5790572194,948.417545868,26.02405088811,1162.48240294,484.458120075,PF1913F372
159,PF1914,Strain A,Media A,Media Development,Trace metal mix,4.0,,,,,Trace metal 3,4.0,Trace metal 4,4.0,Complexing agent 2,4.0,0,0,182.7002895214,81.3433918493,26.56421323654,1393.948086131,261.867283263,983.95875084,28.67917991763,1169.05525421,500.66259717,PF1914F472
160,PF1915,Strain A,Media A,Media Development,Trace metal mix,4.0,,,Trace metal 2,4.0,,,,,,,0,0,170.67379653,84.63684596430001,26.576974933220004,1419.004535255,266.4317698398,1010.3419183330001,30.0000316531,1167.2136335,511.004809837,PF1915F572
161,PF1916,Strain A,Media A,Media Development,Trace metal mix,4.0,,,Trace metal 2,4.0,,,,,Complexing agent 2,4.0,0,0,144.8700703089,81.87808346530001,26.32710945495,1395.4562528610002,257.380667505,982.003381464,27.78018782571,1158.58794587,498.00297698800006,PF1916F672
162,PF1917,Strain A,Media A,Media Development,Trace metal mix,4.0,,,Trace metal 2,4.0,,,Trace metal 4,4.0,,,0,0,160.78883610830002,83.067156712,26.37978087251,1391.383206218,260.66761570980003,959.2402077410001,29.1388089943,1149.3843362700002,493.173256962,PF1917F772
163,PF1918,Strain A,Media A,Media Development,Trace metal mix,4.0,,,Trace metal 2,4.0,,,Trace metal 4,4.0,Complexing agent 2,4.0,0,0,174.6511837684,83.6867130335,25.804256758630004,1403.7408814760001,261.63776426040005,1096.7947646660002,28.943055075500002,1149.1102053200002,507.388908307,PF1918F872
164,PF1919,Strain A,Media A,Media Development,Trace metal mix,4.0,,,Trace metal 2,4.0,Trace metal 3,4.0,,,,,0,0,170.4836865789,83.9613580856,26.176818146380004,1400.169526117,242.8756567596,1092.466567726,26.743969297350002,1155.20669789,506.166305656,PF1919F972
165,PF1920,Strain A,Media A,Media Development,Trace metal mix,4.0,,,Trace metal 2,4.0,Trace metal 3,4.0,,,Complexing agent 2,4.0,0,0,150.8531000339,79.3908000812,24.25253374332,1345.140591346,249.8821265196,901.6145235820002,26.57884154376,1142.64341127,474.55431954100004,PF1920F1072
166,PF1921,Strain A,Media A,Media Development,Trace metal mix,4.0,Trace metal 1,4.0,Trace metal 2,4.0,Trace metal 3,4.0,Trace metal 4,4.0,,,0,0,172.9688426051,84.90282867490001,25.559736124390003,1389.221920296,254.51125158780002,903.973464696,27.15282913712,1128.17828501,505.975848009,PF1921F1172
167,PF1922,Strain A,Media A,Media Development,Trace metal mix,4.0,Trace metal 1,4.0,Trace metal 2,4.0,Trace metal 3,4.0,Trace metal 4,4.0,Complexing agent 2,4.0,0,0,197.2429089928,82.11152737690001,24.764932214330003,1355.348080594,247.5733233798,985.810840575,27.058632612950003,1120.5655337100002,497.577341834,PF1922F1272
168,PF1911,Strain A,Media A,Media Development,Trace metal mix,4.0,,,,,Trace metal 3,4.0,,,,,0,0,154.5216781141,82.84558509380001,26.659761116040002,1384.983673739,261.346081878,1143.856419988,26.19688958942,1186.7506317300001,506.27331339700004,PF1911G172
169,PF1912,Strain A,Media A,Media Development,Trace metal mix,4.0,,,,,Trace metal 3,4.0,,,Complexing agent 2,4.0,0,0,151.4561419995,80.0042004137,26.00046190758,1367.148708641,265.0414234968,1137.211808862,26.11661061165,1184.5611792900002,504.45098835,PF1912G272
170,PF1913,Strain A,Media A,Media Development,Trace metal mix,4.0,,,,,Trace metal 3,4.0,Trace metal 4,4.0,,,0,0,149.06685611670002,81.4775924095,26.254542040470003,1382.340961502,262.7637496452,1094.551253909,28.144352569890003,1169.3518549100002,499.088226609,PF1913G372
171,PF1914,Strain A,Media A,Media Development,Trace metal mix,4.0,,,,,Trace metal 3,4.0,Trace metal 4,4.0,Complexing agent 2,4.0,0,0,142.73098704310001,81.4498465021,26.223297080020004,1377.27389907,260.20762573860003,1111.154970343,27.24323168663,1167.5030438800002,514.055327373,PF1914G472
172,PF1915,Strain A,Media A,Media Development,Trace metal mix,4.0,,,Trace metal 2,4.0,,,,,,,0,0,159.8086648065,83.2505172415,26.336480586289998,1388.186245157,260.0819662266,980.806552989,29.0304489356,1163.74969684,501.454773336,PF1915G572
173,PF1916,Strain A,Media A,Media Development,Trace metal mix,4.0,,,Trace metal 2,4.0,,,,,Complexing agent 2,4.0,0,0,133.9792262554,80.7888251831,24.918425718039998,1368.322997139,258.4160257266,1091.8989639229999,27.93919412869,1158.40728908,506.37073818700003,PF1916G672
174,PF1917,Strain A,Media A,Media Development,Trace metal mix,4.0,,,Trace metal 2,4.0,,,Trace metal 4,4.0,,,0,0,142.39282551320002,82.0301363936,25.7138182633,1378.610218886,240.14351433960002,927.2860164370001,27.02988923939,1150.67050476,492.37549095800006,PF1917G772
175,PF1918,Strain A,Media A,Media Development,Trace metal mix,4.0,,,Trace metal 2,4.0,,,Trace metal 4,4.0,Complexing agent 2,4.0,0,0,167.6000685081,81.0176081316,24.833779430070003,1378.520608367,258.5326415616,939.240414448,27.026785940050004,1146.98816213,503.60530845799997,PF1918G872
176,PF1919,Strain A,Media A,Media Development,Trace metal mix,4.0,,,Trace metal 2,4.0,Trace metal 3,4.0,,,,,0,0,175.0920761572,79.279156838,24.79219797424,1373.9745441530001,255.88903197960002,932.4265637660001,27.80253537206,1150.64354106,488.84902857000003,PF1919G972
177,PF1920,Strain A,Media A,Media Development,Trace metal mix,4.0,,,Trace metal 2,4.0,Trace metal 3,4.0,,,Complexing agent 2,4.0,0,0,187.3927644011,81.022488937,25.567435520780002,1381.099848979,258.0197222808,1080.898383246,27.5305140527,1149.0652658200001,503.850068338,PF1920G1072
178,PF1921,Strain A,Media A,Media Development,Trace metal mix,4.0,Trace metal 1,4.0,Trace metal 2,4.0,Trace metal 3,4.0,Trace metal 4,4.0,,,0,0,151.7846724021,83.87016150570001,25.311754287430002,1375.3161041170001,252.23947992540002,1036.259893508,27.11368781522,1127.23815067,510.782409598,PF1921G1172
179,PF1922,Strain A,Media A,Media Development,Trace metal mix,4.0,Trace metal 1,4.0,Trace metal 2,4.0,Trace metal 3,4.0,Trace metal 4,4.0,Complexing agent 2,4.0,0,0,142.1665979316,82.78310179099999,24.438072754820002,1371.827418364,251.88506298360002,888.5327287680001,26.788664392940003,1125.35428683,512.073289366,PF1922G1272
180,PF1911,Strain A,Media A,Media Development,Trace metal mix,4.0,,,,,Trace metal 3,4.0,,,,,0,0,148.9726006163,82.67805425030001,26.792157798930003,1386.0306172770001,266.66157443220004,1007.394543741,27.065596117080002,1185.05821016,496.02972342500004,PF1911H172
181,PF1912,Strain A,Media A,Media Development,Trace metal mix,4.0,,,,,Trace metal 3,4.0,,,Complexing agent 2,4.0,0,0,139.30243649680003,81.4532322816,25.408926815110004,1355.5601190270002,253.44552565080002,1139.27566537,26.22394885594,1183.17164995,493.88038620800006,PF1912H272
182,PF1913,Strain A,Media A,Media Development,Trace metal mix,4.0,,,,,Trace metal 3,4.0,Trace metal 4,4.0,,,0,0,151.08841383330002,83.4449585512,25.848263409980003,1368.0428344700001,260.6337257202,1115.218458889,26.30589301703,1168.41351815,501.308236753,PF1913H372
183,PF1914,Strain A,Media A,Media Development,Trace metal mix,4.0,,,,,Trace metal 3,4.0,Trace metal 4,4.0,Complexing agent 2,4.0,0,0,165.0344306926,78.75255595040001,25.44770635236,1359.375031448,250.59105559980003,948.9782064460001,26.869492126799997,1167.02039365,497.100598764,PF1914H472
184,PF1915,Strain A,Media A,Media Development,Trace metal mix,4.0,,,Trace metal 2,4.0,,,,,,,0,0,136.8682472968,79.87373743270001,25.170787020540004,1362.118220604,257.31955128780004,1134.931846246,25.879652803960003,1164.1397717,514.3595805040001,PF1915H572
185,PF1916,Strain A,Media A,Media Development,Trace metal mix,4.0,,,Trace metal 2,4.0,,,,,Complexing agent 2,4.0,0,0,133.9701045195,82.2255011161,24.698886917170004,1361.1457835780002,255.216848787,1069.7025261360002,27.5171168797,1161.59979116,510.832319898,PF1916H672
186,PF1917,Strain A,Media A,Media Development,Trace metal mix,4.0,,,Trace metal 2,4.0,,,Trace metal 4,4.0,,,0,0,147.6329771546,84.41751687050001,24.993065141139997,1365.533696588,238.07879528220002,934.630151485,25.43750817238,1151.41919683,505.40247836700007,PF1917H772
187,PF1918,Strain A,Media A,Media Development,Trace metal mix,4.0,,,Trace metal 2,4.0,,,Trace metal 4,4.0,Complexing agent 2,4.0,0,0,147.69426922830002,85.263085931,26.04679956646,1377.4661199060001,250.6209473322,934.542494028,27.958145078270004,1150.24987104,494.280467115,PF1918H872
188,PF1919,Strain A,Media A,Media Development,Trace metal mix,4.0,,,Trace metal 2,4.0,Trace metal 3,4.0,,,,,0,0,145.2069015429,84.1270861182,24.45222363404,1364.6692496140001,248.27406555240003,961.5514144360001,27.208385786180003,1151.87668094,498.93570079,PF1919H972
189,PF1920,Strain A,Media A,Media Development,Trace metal mix,4.0,,,Trace metal 2,4.0,Trace metal 3,4.0,,,Complexing agent 2,4.0,0,0,148.44842949620002,79.8770352695,25.18364289943,1369.3160846600001,258.32882564100004,1083.28249337,27.04613426174,1148.2042250000002,511.28989735500005,PF1920H1072
190,PF1921,Strain A,Media A,Media Development,Trace metal mix,4.0,Trace metal 1,4.0,Trace metal 2,4.0,Trace metal 3,4.0,Trace metal 4,4.0,,,0,0,169.41410994810002,86.1512192583,25.060358348970002,1377.5834166250002,253.2890224404,1051.198985548,27.38321135382,1127.72349727,514.631092536,PF1921H1172
191,Media B plate control,Strain B,Media B plate control,Media Development,0,0.0,0,0.0,0,0.0,0,0.0,0,0.0,0,0.0,0,0,0.0,116.1427139959,72.18575983730001,0.0,549.892593193,2250.243170083,19.03257978594,2233.01769009,252.9020383198,Media B plate controlMedia B plate controlB72
192,PF1923,Strain A,Media A,Media Development,Trace metal mix,4.0,Trace metal 1,4.0,0,,,,,,,,0,0,149.00099581999999,83.8207816941,30.0559726317,1422.219674705,265.10206373100004,1033.3550458440002,28.728170434669998,1177.70341159,518.618725807,PF1923A172
193,PF1924,Strain A,Media A,Media Development,Trace metal mix,4.0,Trace metal 1,4.0,0,,,,,,Complexing agent 2,4.0,0,0,151.0314,82.2608980384,26.484111242370002,1404.36164654,263.133874026,1106.137664174,26.955996626970002,1178.54288145,517.187697801,PF1924A272
194,PF1925,Strain A,Media A,Media Development,Trace metal mix,4.0,Trace metal 1,4.0,0,,,,Trace metal 4,4.0,,,0,0,159.22117448,86.007081173,26.50485488207,1434.044278192,257.0794654626,1165.6180416690001,29.8523883446,1163.57263521,528.753711024,PF1925A372
195,PF1926,Strain A,Media A,Media Development,Trace metal mix,4.0,Trace metal 1,4.0,0,,,,Trace metal 4,4.0,Complexing agent 2,4.0,0,0,144.78876879999999,84.5535202705,26.007007572620005,1428.1656211060001,258.0700812822,976.977396336,29.0066632819,1161.37599245,523.33704587,PF1926A472
196,PF1927,Strain A,Media A,Media Development,Trace metal mix,4.0,Trace metal 1,4.0,0,,Trace metal 3,4.0,,,,,0,0,152.01039328,83.82821283780001,26.92949905218,1412.498465238,266.0710699224,1120.15678656,27.827759150450003,1175.69191957,515.9499223610001,PF1927A572
197,PF1928,Strain A,Media A,Media Development,Trace metal mix,4.0,Trace metal 1,4.0,0,,Trace metal 3,4.0,,,Complexing agent 2,4.0,0,0,152.31671594,78.97469921060001,26.980357457140002,1403.727047046,260.8668621936,1004.376869899,27.522254354670004,1174.28261685,529.028017975,PF1928A672
198,PF1929,Strain A,Media A,Media Development,Trace metal mix,4.0,Trace metal 1,4.0,0,,Trace metal 3,4.0,Trace metal 4,4.0,,,0,0,161.15553818,84.1880743662,26.71652946407,1418.3836930280002,260.2220956218,1103.950566506,29.1504936689,1157.65230548,533.401757558,PF1929A772
199,PF1930,Strain A,Media A,Media Development,Trace metal mix,4.0,Trace metal 1,4.0,0,,Trace metal 3,4.0,Trace metal 4,4.0,Complexing agent 2,4.0,0,0,148.20556378,84.8880543013,25.903807386390003,1420.796172259,259.4728031832,1079.7310634050002,29.1925585437,1155.38915226,520.8499159160001,PF1930A872
200,PF1931,Strain A,Media A,Media Development,Trace metal mix,4.0,Trace metal 1,4.0,Trace metal 2,4.0,,,,,,,0,0,150.09926518,84.2977828989,25.615727464130003,1426.742644351,261.4130050878,1100.347930365,28.84277494527,1149.55690395,540.3776201950001,PF1931A972
201,PF1932,Strain A,Media A,Media Development,Trace metal mix,4.0,Trace metal 1,4.0,Trace metal 2,4.0,,,,,Complexing agent 2,4.0,0,0,166.43118116000002,86.35507043690001,25.942422101160002,1416.412216526,253.3416661602,1110.07530767,28.62631027497,1146.10644914,548.094551082,PF1932A1072
202,PF1933,Strain A,Media A,Media Development,Trace metal mix,4.0,Trace metal 1,4.0,Trace metal 2,4.0,,,Trace metal 4,4.0,,,0,0,135.88527414,84.9353674739,25.41544893243,1424.645710059,254.26040854680002,935.316657113,29.7678896287,1135.50791746,515.252376066,PF1933A1172
203,PF1934,Strain A,Media A,Media Development,Trace metal mix,4.0,Trace metal 1,4.0,Trace metal 2,4.0,,,Trace metal 4,4.0,Complexing agent 2,4.0,0,0,164.10219952,85.05734399880001,25.18223016339,1425.058796544,257.5416449556,944.70468715,28.758200546050002,1133.0677026100002,515.332631655,PF1934A1272
204,PF1923,Strain A,Media A,Media Development,Trace metal mix,4.0,Trace metal 1,4.0,0,,,,,,,,0,0,159.40241216,81.956440411,25.198311785140003,1370.599691743,255.7805078556,986.6553034880001,26.740345627500005,1166.4963990800002,494.25171884,PF1923B172
205,PF1924,Strain A,Media A,Media Development,Trace metal mix,4.0,Trace metal 1,4.0,0,,,,,,Complexing agent 2,4.0,0,0,188.50035404000002,82.17497802049999,26.094290962469998,1397.3212533820001,261.8818483428,1130.643572633,27.06349571421,1176.84237077,509.12778315900005,PF1924B272
206,PF1925,Strain A,Media A,Media Development,Trace metal mix,4.0,Trace metal 1,4.0,0,,,,Trace metal 4,4.0,,,0,0,166.90983452,82.8902159996,26.865455126260002,1422.3653665410002,262.750707711,966.5687206050001,28.32481706218,1160.80166564,506.94889916,PF1925B372
207,PF1926,Strain A,Media A,Media Development,Trace metal mix,4.0,Trace metal 1,4.0,0,,,,Trace metal 4,4.0,Complexing agent 2,4.0,0,0,158.17750878,83.3852894437,27.039315540830003,1426.410604159,262.0070318718,1112.339648102,29.378567353600005,1160.0817348500002,519.9655054,PF1926B472
208,PF1927,Strain A,Media A,Media Development,Trace metal mix,4.0,Trace metal 1,4.0,0,,Trace metal 3,4.0,,,,,0,0,151.78616974000002,82.60457811,26.95245596948,1412.139297483,267.0146586216,992.7375177240001,27.978808517580003,1173.18339668,507.067086866,PF1927B572
209,PF1928,Strain A,Media A,Media Development,Trace metal mix,4.0,Trace metal 1,4.0,0,,Trace metal 3,4.0,,,Complexing agent 2,4.0,0,0,173.66984508000002,83.4477727176,26.505231610910002,1398.5175847770001,255.0042747792,976.2153836780001,28.468344710120004,1170.5598286700001,503.36174619400003,PF1928B672
210,PF1929,Strain A,Media A,Media Development,Trace metal mix,4.0,Trace metal 1,4.0,0,,Trace metal 3,4.0,Trace metal 4,4.0,,,0,0,190.40606050000002,83.62598861360001,27.44507617061,1433.250753841,265.28465080980004,985.928874533,49.8678723435,1157.08516899,523.179329322,PF1929B772
211,PF1930,Strain A,Media A,Media Development,Trace metal mix,4.0,Trace metal 1,4.0,0,,Trace metal 3,4.0,Trace metal 4,4.0,Complexing agent 2,4.0,0,0,162.09386916,81.1258655953,26.180726712430005,1421.074818834,260.66399823899997,1077.68022548,29.3002941601,1153.0253345600001,517.056333718,PF1930B872
212,PF1931,Strain A,Media A,Media Development,Trace metal mix,4.0,Trace metal 1,4.0,Trace metal 2,4.0,,,,,,,0,0,186.39791950000003,85.22206067590001,25.260260151830003,1432.5217666580002,263.1335884362,1059.785079889,30.0498358323,1148.9322449000001,531.720379256,PF1931B972
213,PF1932,Strain A,Media A,Media Development,Trace metal mix,4.0,Trace metal 1,4.0,Trace metal 2,4.0,,,,,Complexing agent 2,4.0,0,0,181.68728886,82.1032167773,25.5918758115,1403.671568005,252.13980908520003,1084.233707392,28.235209259780003,1144.57760735,535.976330242,PF1932B1072
214,PF1933,Strain A,Media A,Media Development,Trace metal mix,4.0,Trace metal 1,4.0,Trace metal 2,4.0,,,Trace metal 4,4.0,,,0,0,168.14287036,86.6323977558,25.75973210368,1432.874210828,259.230337443,1072.373041907,29.5889200207,1137.27763497,527.530309866,PF1933B1172
215,PF1934,Strain A,Media A,Media Development,Trace metal mix,4.0,Trace metal 1,4.0,Trace metal 2,4.0,,,Trace metal 4,4.0,Complexing agent 2,4.0,0,0,155.60184252,86.0733899688,25.72528495387,1424.623821777,256.7757883086,936.6011430450001,49.310650143,1133.26094246,517.306684014,PF1934B1272
216,PF1923,Strain A,Media A,Media Development,Trace metal mix,4.0,Trace metal 1,4.0,0,,,,,,,,0,0,154.4296065,83.0134677081,26.76599868649,1400.4163607280002,257.216929353,1002.12294416,27.45282746851,1174.97648273,506.59553423600005,PF1923C172
217,PF1924,Strain A,Media A,Media Development,Trace metal mix,4.0,Trace metal 1,4.0,0,,,,,,Complexing agent 2,4.0,0,0,175.3687547,81.7759819906,28.15949553698,1404.374615704,261.1248449796,1005.917384977,26.96287498014,1177.59915195,505.74067050200006,PF1924C272
218,PF1925,Strain A,Media A,Media Development,Trace metal mix,4.0,Trace metal 1,4.0,0,,,,Trace metal 4,4.0,,,0,0,167.75406132,83.3251805938,26.7000946612,1428.305408383,268.04335308120005,1128.585791483,28.339500970110002,1160.83761724,514.253770668,PF1925C372
219,PF1926,Strain A,Media A,Media Development,Trace metal mix,4.0,Trace metal 1,4.0,0,,,,Trace metal 4,4.0,Complexing agent 2,4.0,0,0,176.91740744,82.1300393008,26.513566737940003,1428.5372638350002,265.9024767438,1117.172960398,28.76460583223,1159.7905268900001,515.172918695,PF1926C472
220,PF1927,Strain A,Media A,Media Development,Trace metal mix,4.0,Trace metal 1,4.0,0,,Trace metal 3,4.0,,,,,0,0,166.23638938000002,80.0091252049,26.98862194679,1417.586505024,265.35595306320005,1139.7738375010001,28.61504188753,1173.42966514,513.048337218,PF1927C572
221,PF1928,Strain A,Media A,Media Development,Trace metal mix,4.0,Trace metal 1,4.0,0,,Trace metal 3,4.0,,,Complexing agent 2,4.0,0,0,153.46765266000003,74.2066658589,23.49147062372,1285.398274655,235.6075867428,893.0570700080001,23.245300750290003,1147.34498176,455.32168484000005,PF1928C672
222,PF1929,Strain A,Media A,Media Development,Trace metal mix,4.0,Trace metal 1,4.0,0,,Trace metal 3,4.0,Trace metal 4,4.0,,,0,0,162.05436864,83.5323296381,27.26568254759,1427.9618529860002,263.2236444198,979.218303492,29.6081169613,1155.44757361,507.057104806,PF1929C772
223,PF1930,Strain A,Media A,Media Development,Trace metal mix,4.0,Trace metal 1,4.0,0,,Trace metal 3,4.0,Trace metal 4,4.0,Complexing agent 2,4.0,0,0,165.95097876,83.02446054560001,26.66698960716,1430.5376466950001,249.64708611420002,1080.95306089,28.939431391200003,1152.9947757,513.195672308,PF1930C872
224,PF1931,Strain A,Media A,Media Development,Trace metal mix,4.0,Trace metal 1,4.0,Trace metal 2,4.0,,,,,,,0,0,183.62823598,86.15170295760001,26.10450973659,1438.937360312,262.7729837154,1149.295523391,30.0627504909,1148.61047808,523.733932749,PF1931C972
225,PF1932,Strain A,Media A,Media Development,Trace metal mix,4.0,Trace metal 1,4.0,Trace metal 2,4.0,,,,,Complexing agent 2,4.0,0,0,173.13077916,84.99165080190001,26.355858579609997,1417.436406516,259.4680433532,1102.219114041,29.1492069542,1145.5024622600001,537.722392235,PF1932C1072
226,PF1933,Strain A,Media A,Media Development,Trace metal mix,4.0,Trace metal 1,4.0,Trace metal 2,4.0,,,Trace metal 4,4.0,,,0,0,178.1550904,83.9108789758,24.736347903480002,1426.8991569250002,260.2957777902,1094.4262767260002,28.390591892910003,1133.85594144,515.4675891640001,PF1933C1172
227,PF1934,Strain A,Media A,Media Development,Trace metal mix,4.0,Trace metal 1,4.0,Trace metal 2,4.0,,,Trace metal 4,4.0,Complexing agent 2,4.0,0,0,169.29767968000002,85.0412504847,25.976775074540004,1426.315923713,258.3218762892,1062.90082617,28.79592267565,1133.96829019,513.872855374,PF1934C1272
228,PF1923,Strain A,Media A,Media Development,Trace metal mix,4.0,Trace metal 1,4.0,0,,,,,,,,0,0,176.648649,81.24291732900001,26.495672115150004,1414.745744555,262.801161909,1152.905970335,27.79901577689,1177.3160331000001,509.923952438,PF1923D172
229,PF1924,Strain A,Media A,Media Development,Trace metal mix,4.0,Trace metal 1,4.0,0,,,,,,Complexing agent 2,4.0,0,0,159.49070744,80.32387212820001,27.11812252889,1403.0263477610001,250.5476459502,1024.358437118,28.158620181990003,1176.3543278000002,507.62927625400005,PF1924D272
230,PF1925,Strain A,Media A,Media Development,Trace metal mix,4.0,Trace metal 1,4.0,0,,,,Trace metal 4,4.0,,,0,0,191.02683828000002,82.25883139940001,26.848478780740002,1434.2248748700001,266.086396575,1167.071767157,29.633160978800003,1160.6740374600001,519.271951929,PF1925D372
231,PF1926,Strain A,Media A,Media Development,Trace metal mix,4.0,Trace metal 1,4.0,0,,,,Trace metal 4,4.0,Complexing agent 2,4.0,0,0,176.31909074,79.74402195020001,26.90550612479,1424.6440104500002,263.9631316086,1090.0512135230001,28.55622109618,1159.62964348,506.63586187400006,PF1926D472
232,PF1927,Strain A,Media A,Media Development,Trace metal mix,4.0,Trace metal 1,4.0,0,,Trace metal 3,4.0,,,,,0,0,183.08413568,82.9139165717,26.64090112343,1412.785042551,263.0394389988,1138.2090212800001,29.098929682,1171.5008618000002,511.281911707,PF1927D572
233,PF1928,Strain A,Media A,Media Development,Trace metal mix,4.0,Trace metal 1,4.0,0,,Trace metal 3,4.0,,,Complexing agent 2,4.0,0,0,167.25720674000002,80.53132895750001,27.108657215340003,1414.522761692,265.342435146,987.1291744760001,27.67372001763,1170.75756247,485.38086181700004,PF1928D672
234,PF1929,Strain A,Media A,Media Development,Trace metal mix,4.0,Trace metal 1,4.0,0,,Trace metal 3,4.0,Trace metal 4,4.0,,,0,0,176.61844272,83.85244106610001,26.96947940755,1434.664626518,265.4564806728,1100.110127004,29.342113038100003,1156.13604675,522.424286477,PF1929D772
235,PF1930,Strain A,Media A,Media Development,Trace metal mix,4.0,Trace metal 1,4.0,0,,Trace metal 3,4.0,Trace metal 4,4.0,Complexing agent 2,4.0,0,0,173.09282768,80.969723317,26.063752370040003,1417.253398422,261.4514645142,958.3809908,28.54128173248,1150.24717467,503.43800895900006,PF1930D872
236,PF1931,Strain A,Media A,Media Development,Trace metal mix,4.0,Trace metal 1,4.0,Trace metal 2,4.0,,,,,,,0,0,184.60064584,83.0983324136,26.076490519,1428.0869087770002,261.8822291292,970.8752200030001,29.837922045,1145.83231819,515.152954575,PF1931D972
237,PF1932,Strain A,Media A,Media Development,Trace metal mix,4.0,Trace metal 1,4.0,Trace metal 2,4.0,,,,,Complexing agent 2,4.0,0,0,174.13068448,81.25848318690001,26.33017037533,1386.992511583,257.24672588880003,952.4202817010001,27.083752316660004,1139.4050709,512.287304848,PF1932D1072
238,PF1933,Strain A,Media A,Media Development,Trace metal mix,4.0,Trace metal 1,4.0,Trace metal 2,4.0,,,Trace metal 4,4.0,,,0,0,168.86201218,84.8282972222,25.700279567000003,1421.651838257,217.5925821588,954.8851060570001,27.002158221269998,1135.3155764,513.9123842160001,PF1933D1172
239,PF1934,Strain A,Media A,Media Development,Trace metal mix,4.0,Trace metal 1,4.0,Trace metal 2,4.0,,,Trace metal 4,4.0,Complexing agent 2,4.0,0,0,175.93763964000001,82.6713266193,24.48855443672,1397.1338550890002,256.06286097120005,915.0243831040001,27.378026572440003,1129.3691817600002,503.16529902200006,PF1934D1272
240,PF1935,Strain A,Media A,Media Development,Trace metal mix,4.0,Trace metal 1,4.0,Trace metal 2,4.0,Trace metal 3,4.0,,,,,0,0,139.30400542,84.87345581310001,25.27278638865,1424.6087033200001,258.960931065,1068.264422832,28.25244771674,1134.84550923,511.198461801,PF1935E172
241,PF1936,Strain A,Media A,Media Development,Trace metal mix,4.0,Trace metal 1,4.0,Trace metal 2,4.0,Trace metal 3,4.0,,,Complexing agent 2,4.0,0,0,133.07299202,83.7312560255,25.64741978502,1426.622241171,260.971007274,1131.262382323,28.673285540100004,1137.2039341900002,512.790001274,PF1936E272
242,PF1937,Strain A,Media A,Media Development,Trace metal mix,4.0,Trace metal 1,4.0,Trace metal 2,4.0,Trace metal 3,4.0,Trace metal 4,4.0,,,0,0,144.25512452,85.7651508053,25.81449907758,1442.599268619,259.423110558,1109.277711309,29.451192157700003,1135.49173924,510.159129656,PF1937E372
243,PF1938,Strain A,Media A,Media Development,Trace metal mix,4.0,Trace metal 1,4.0,Trace metal 2,4.0,Trace metal 3,4.0,Trace metal 4,4.0,Complexing agent 2,4.0,0,0,173.75039516,83.410133242,26.21701041967,1438.08073599,260.8356377088,1069.094999006,29.902807515800003,1132.9472647500002,521.984676439,PF1938E472
244,PF1939,Strain A,"Media A, Water diluted",Media Development,0,0.0,Trace metal 1,4.0,Trace metal 2,4.0,Trace metal 3,4.0,Trace metal 4,4.0,Complexing agent 2,4.0,0,0,163.19058948,102.4150344113,33.1315171631,2104.753384098,283.1334421302,1546.022889997,40.687467420500006,1206.68309756,496.218584058,PF1939E572
245,PF1940,Strain A,Media A,Media Development,,,,,,,,,,,0,,Complexing agent 1,8,156.52313406000002,93.68461081150001,28.709449170730004,1348.939164285,244.18508599260002,1159.968907227,17.72365872765,1227.47480663,529.108273853,PF1940E672
246,PF1941,Strain A,Media A,Media Development,,,,,,,,,,,0,,Complexing agent 1,6,190.65816676,85.05954256630001,27.950905423080002,1370.004695653,280.43261939160004,1017.141882565,23.86172219342,1217.321176,508.82033571100004,PF1941E772
247,PF1942,Strain A,Media A,Media Development,,,,,,,,,,,0,,Complexing agent 1,5,211.35837554000003,84.3686647151,28.108707763620004,1379.550131274,280.6241549508,1018.665040014,24.33400100817,1210.18837856,494.805124362,PF1942E872
248,PF1943,Strain A,Media A,Media Development,,,,,,,,,,,0,,Complexing agent 1,4,187.74558430000002,80.8860018666,27.020196543529998,1387.9239681200002,272.92684346460004,1016.297419941,25.74743138801,1194.85502116,481.739805438,PF1943E972
249,PF1944,Strain A,Media A,Media Development,,,,,,,,,,,0,,Complexing agent 1,2,177.40651682,80.1744574809,27.272934580650002,1430.3532930170002,268.2266065362,1012.8206288500002,29.8157258913,1163.65532389,491.229949579,PF1944E1072
250,PF1945,Strain A,Media A,Media Development,0,0.0,Trace metal 1,4.0,Trace metal 2,4.0,Trace metal 3,4.0,Trace metal 4,4.0,Complexing agent 2,4.0,0,0,235.75343198,106.1883038975,32.4229606328,2094.694880419,293.182204833,1500.4453366640003,39.8343341607,1206.80353542,501.00957346,PF1945E1172
251,PF1946,Strain A,Media A,Media Development,,,,,0,0.0,0,0.0,0,0.0,0,0.0,0,0,189.85770034,90.3072593607,34.5773087052,1439.846743607,284.715419229,1195.554374861,27.955940597830004,1209.74167993,487.59248691500005,PF1946E1272
252,PF1935,Strain A,Media A,Media Development,Trace metal mix,4.0,Trace metal 1,4.0,Trace metal 2,4.0,Trace metal 3,4.0,,,,,0,0,148.49639604,84.9266171608,25.630537621709998,1424.833402265,256.2347860308,958.0572657160001,29.945913108499997,1134.29724733,512.704954354,PF1935F172
253,PF1936,Strain A,Media A,Media Development,Trace metal mix,4.0,Trace metal 1,4.0,Trace metal 2,4.0,Trace metal 3,4.0,,,Complexing agent 2,4.0,0,0,140.48940828,83.9843551161,25.80990769123,1415.408447276,260.59964533740003,946.059472621,28.07066810394,1135.50522109,511.092651965,PF1936F272
254,PF1937,Strain A,Media A,Media Development,Trace metal mix,4.0,Trace metal 1,4.0,Trace metal 2,4.0,Trace metal 3,4.0,Trace metal 4,4.0,,,0,0,155.83652208,86.5039134711,26.05322750735,1435.100868839,259.1954002908,1043.7671930430001,28.745257510540004,1135.0522309300002,516.904207297,PF1937F372
255,PF1938,Strain A,Media A,Media Development,Trace metal mix,4.0,Trace metal 1,4.0,Trace metal 2,4.0,Trace metal 3,4.0,Trace metal 4,4.0,Complexing agent 2,4.0,0,0,165.76586848,81.75896509260001,25.97227787329,1422.510332409,258.1314830892,1054.159378723,27.982006429740004,1132.6003318100002,507.55700631300004,PF1938F472
256,PF1939,Strain A,"Media A, Water diluted",Media Development,0,0.0,Trace metal 1,4.0,Trace metal 2,4.0,Trace metal 3,4.0,Trace metal 4,4.0,Complexing agent 2,4.0,0,0,238.56958670000003,102.47382409180001,33.9876808191,2084.252567111,288.12393349200005,1339.875916205,41.2498270873,1207.19001512,480.50362730100005,PF1939F572
257,PF1940,Strain A,Media A,Media Development,,,,,,,,,,,0,,Complexing agent 1,8,158.43464942,89.75898058310001,29.331546388900005,1342.047153553,288.2674899648,1127.152895381,19.7421853978,1228.69266708,526.159972438,PF1940F672
258,PF1941,Strain A,Media A,Media Development,,,,,,,,,,,0,,Complexing agent 1,6,171.81215886,86.48298310850001,28.10131446158,1366.369452509,278.68376265300003,1123.806288675,23.65281708686,1218.05548743,508.53365089,PF1941F772
259,PF1942,Strain A,Media A,Media Development,,,,,,,,,,,0,,Complexing agent 1,5,215.84168456,83.80965692810001,27.517714219580004,1376.60051462,276.561354456,1146.297811068,24.63913681453,1209.37407482,500.73806142800004,PF1942F872
260,PF1943,Strain A,Media A,Media Development,,,,,,,,,,,0,,Complexing agent 1,4,196.42098282,79.5616727473,26.604311327620003,1387.057126492,272.8373586606,1013.46721144,26.038138736430003,1195.71336561,480.118718894,PF1943F972
261,PF1944,Strain A,Media A,Media Development,,,,,,,,,,,0,,Complexing agent 1,2,165.36505438,76.47400455030001,24.828622953350003,1331.9427231500001,249.2178446448,1008.1122937370001,25.116865325400003,1145.9518572600002,458.06076210400005,PF1944F1072
262,PF1945,Strain A,Media A,Media Development,0,0.0,Trace metal 1,4.0,Trace metal 2,4.0,Trace metal 3,4.0,Trace metal 4,4.0,Complexing agent 2,4.0,0,0,242.40539700000002,102.3410746006,32.3445068432,2032.3559010400002,286.9308345042,1483.254054619,37.193983660600004,1199.19168291,502.385899835,PF1945F1172
263,PF1946,Strain A,Media A,Media Development,,,,,0,0.0,0,0.0,0,0.0,0,0.0,0,0,196.4395713,85.9105200884,33.1992577516,1438.890537977,290.986114352,1241.572819369,27.297179917750004,1211.31815759,501.035127418,PF1946F1272
264,PF1935,Strain A,Media A,Media Development,Trace metal mix,4.0,Trace metal 1,4.0,Trace metal 2,4.0,Trace metal 3,4.0,,,,,0,0,169.18653606,84.48712353200001,26.60365205215,1435.8968973750002,221.86281604500002,1119.508468236,27.225302557240003,1137.49334457,512.617910733,PF1935G172
265,PF1936,Strain A,Media A,Media Development,Trace metal mix,4.0,Trace metal 1,4.0,Trace metal 2,4.0,Trace metal 3,4.0,,,Complexing agent 2,4.0,0,0,159.65142034000002,84.4316316883,25.859400458480003,1423.004372129,260.9337854034,952.733592092,28.85505568815,1136.86509036,515.4907476010001,PF1936G272
266,PF1937,Strain A,Media A,Media Development,Trace metal mix,4.0,Trace metal 1,4.0,Trace metal 2,4.0,Trace metal 3,4.0,Trace metal 4,4.0,,,0,0,156.62808152,85.29531694500001,25.925516390130003,1430.5022470850001,258.8142331044,1090.420069425,29.041187482,1135.3155764,526.657877822,PF1937G372
267,PF1938,Strain A,Media A,Media Development,Trace metal mix,4.0,Trace metal 1,4.0,Trace metal 2,4.0,Trace metal 3,4.0,Trace metal 4,4.0,Complexing agent 2,4.0,0,0,145.61285808,80.0342328602,25.983132375160004,1360.944813845,246.50293280940002,897.972832559,26.90332566892,1123.24033275,495.937089966,PF1938G472
268,PF1939,Strain A,"Media A, Water diluted",Media Development,0,0.0,Trace metal 1,4.0,Trace metal 2,4.0,Trace metal 3,4.0,Trace metal 4,4.0,Complexing agent 2,4.0,0,0,200.01707918,106.3916274199,34.194410813400005,2087.049874985,296.08046532000003,1496.361886599,39.5977737309,1211.21569553,505.80375717900006,PF1939G572
269,PF1940,Strain A,Media A,Media Development,,,,,,,,,,,0,,Complexing agent 1,8,177.99011764000002,91.90873988460001,28.43778050362,1328.8939436599999,286.775473653,1088.18176587,18.95254680208,1227.29414984,544.526563729,PF1940G672
270,PF1941,Strain A,Media A,Media Development,,,,,,,,,,,0,,Complexing agent 1,6,155.51044916,86.84803325620001,27.641940589249998,1356.100038075,280.1300845968,1076.811461713,23.06318053076,1218.91652825,520.761275281,PF1941G772
271,PF1942,Strain A,Media A,Media Development,,,,,,,,,,,0,,Complexing agent 1,5,191.19452186,85.20891322780001,27.31364485465,1372.9609122,274.940632341,1120.4718326850002,50.5130750163,1210.83460857,494.441777378,PF1942G872
272,PF1943,Strain A,Media A,Media Development,,,,,,,,,,,0,,Complexing agent 1,4,170.3266295,80.1229670445,26.62378350315,1385.142644258,265.6630572948,1196.4422325690002,26.29299729082,1197.46780369,500.95287541700003,PF1943G972
273,PF1944,Strain A,Media A,Media Development,,,,,,,,,,,0,,Complexing agent 1,2,167.91632326,81.2090154037,26.644268141050002,1413.2321056100002,262.0288318932,1167.052673505,28.411595938950004,1163.08369345,518.2178463930001,PF1944G1072
274,PF1945,Strain A,Media A,Media Development,0,0.0,Trace metal 1,4.0,Trace metal 2,4.0,Trace metal 3,4.0,Trace metal 4,4.0,Complexing agent 2,4.0,0,0,205.17267156000003,104.80267871630001,32.8691490044,2072.640311287,288.410951241,1494.102753369,38.938123688,1205.1632436700002,509.84569297200005,PF1945G1172
275,PF1946,Strain A,Media A,Media Development,,,,,0,0.0,0,0.0,0,0.0,0,0.0,0,0,189.12965154,87.5579946733,33.349407788300006,1444.336045042,296.24030052700004,1155.914965507,27.52410876652,1214.89354421,498.139531511,PF1946G1272
276,PF1935,Strain A,Media A,Media Development,Trace metal mix,4.0,Trace metal 1,4.0,Trace metal 2,4.0,Trace metal 3,4.0,,,,,0,0,143.18435062,86.50211063130001,26.066271744879998,1450.9409068190002,261.81806662080004,1114.639572237,29.6169632802,1138.26181002,533.327490916,PF1935H172
277,PF1936,Strain A,Media A,Media Development,Trace metal mix,4.0,Trace metal 1,4.0,Trace metal 2,4.0,Trace metal 3,4.0,,,Complexing agent 2,4.0,0,0,140.4224123,77.0752248333,24.253946479360003,1336.837087852,238.8783515256,884.33818797,26.037343989320004,1123.43267381,482.282430393,PF1936H272
278,PF1937,Strain A,Media A,Media Development,Trace metal mix,4.0,Trace metal 1,4.0,Trace metal 2,4.0,Trace metal 3,4.0,Trace metal 4,4.0,,,0,0,180.72184968000002,86.2791319299,25.8502412335,1425.504081386,255.9291097482,1033.007019617,29.2549840754,1133.80111525,529.636923635,PF1937H372
279,PF1938,Strain A,Media A,Media Development,Trace metal mix,4.0,Trace metal 1,4.0,Trace metal 2,4.0,Trace metal 3,4.0,Trace metal 4,4.0,Complexing agent 2,4.0,0,0,155.18941062,84.548991207,25.944706019030004,1410.855226266,253.5087361932,1029.181334721,28.14358620547,1133.06230987,529.48080439,PF1938H472
280,PF1939,Strain A,"Media A, Water diluted",Media Development,0,0.0,Trace metal 1,4.0,Trace metal 2,4.0,Trace metal 3,4.0,Trace metal 4,4.0,Complexing agent 2,4.0,0,0,225.59676396000003,103.06326005300001,32.0065103323,2055.092557857,290.385709627,1474.759089781,39.2601005821,1208.81772381,531.889275769,PF1939H572
281,PF1940,Strain A,Media A,Media Development,,,,,,,,,,,0,,Complexing agent 1,8,166.76422476000002,94.452218654,28.63262001197,1333.483073787,282.6205228494,1112.724125899,18.87228674803,1228.18664831,548.394012882,PF1940H672
282,PF1941,Strain A,Media A,Media Development,,,,,,,,,,,0,,Complexing agent 1,6,159.67000882000002,86.1991480298,27.64926326258,1352.618896378,274.815924795,1000.933926777,22.366073273,1220.93880575,532.691833393,PF1941H772
283,PF1942,Strain A,Media A,Media Development,,,,,,,,,,,0,,Complexing agent 1,5,165.25662158000003,82.2357464262,27.089420491000002,1367.2348104110001,274.09347779760003,993.4274951090001,23.996696843010003,1213.4294153,506.02456040400006,PF1942H872
284,PF1943,Strain A,Media A,Media Development,,,,,,,,,,,0,,Complexing agent 1,4,153.7790097,82.2216316373,27.15282868339,1383.3618745210001,268.37930188260003,1135.95249194,25.80682931525,1200.59649168,515.0136051329999,PF1943H972
285,PF1944,Strain A,Media A,Media Development,,,,,,,,,,,0,,Complexing agent 1,2,147.71025824,80.4238629781,26.231396752970003,1401.424551389,255.61924481520003,979.423994618,28.200505278559998,1160.9958042800001,513.842110398,PF1944H1072
286,PF1945,Strain A,Media A,Media Development,0,0.0,Trace metal 1,4.0,Trace metal 2,4.0,Trace metal 3,4.0,Trace metal 4,4.0,Complexing agent 2,4.0,0,0,219.88158088,107.13342409440001,32.9206902181,2091.9075889960004,286.986810105,1514.460119715,37.8174537646,1209.38575909,466.462462307,PF1945H1172
287,Media B plate control,Strain B,Media B plate control,Media Development,0,0.0,0,0.0,0,0.0,0,0.0,0,0.0,0,0.0,0,0,0.0,120.4661969702,75.1082346517,0.0,568.468781734,2363.3039689760003,19.07712350333,2277.2408544600003,284.71630096800004,Media B plate controlMedia B plate controlC72
